# nucid	mass_u	uncertainty_u	AME2020 ground states
10010000	1.007825031898	1.4e-11
10020000	2.014101777844	1.5e-11
10030000	3.01604928132	8e-11
10040000	4.026431867	0.000107
10050000	5.035311492	9.6e-05
10060000	6.044955437	0.000273
10070000	7.052749	0.00108
20030000	3.01602932197	6e-11
20040000	4.00260325413	1.6e-10
20050000	5.012057224	2.15e-05
20060000	6.018885889	5.7e-08
20070000	7.027990652	8.11e-06
20080000	8.033934388	9.5e-08
20090000	9.043946414	5.03e-05
20100000	10.052815306	9.97e-05
30030000	3.030775	0.00215
30040000	4.027185561	0.000228
30050000	5.012537800	5.37e-05
30060000	6.01512288742	1.55e-09
30070000	7.01600343426	4.5e-09
30080000	8.022486244	5e-08
30090000	9.026790191	2e-07
30100000	10.035483453	1.37e-05
30110000	11.043723581	6.6e-07
30120000	12.052613942	3.22e-05
30130000	13.061171503	7.51e-05
40050000	5.039870	0.00215
40060000	6.019726409	5.85e-06
40070000	7.016928714	7.6e-08
40080000	8.005305102	3.7e-08
40090000	9.012183062	8.2e-08
40100000	10.013534692	8.6e-08
40110000	11.021661080	2.55e-07
40120000	12.026922082	2.05e-06
40130000	13.036134506	1.09e-05
40140000	14.042892920	0.000142
40150000	15.053490215	0.000178
40160000	16.061672036	0.000178
50060000	6.050800	0.00215
50070000	7.029712000	2.7e-05
50080000	8.024607315	1.07e-06
50090000	9.013329645	9.69e-07
50100000	10.012936862	1.6e-08
50110000	11.009305166	1.3e-08
50120000	12.014352638	1.42e-06
50130000	13.017779981	1.07e-06
50140000	14.025404010	2.28e-05
50150000	15.031087023	2.26e-05
50160000	16.039841045	2.64e-05
50170000	17.046931399	0.000219
50180000	18.055601683	0.000219
50190000	19.064166000	0.000564
50200000	20.074505644	0.000587
50210000	21.084147485	0.0006
60080000	8.037643039	1.96e-05
60090000	9.031037202	2.29e-06
60100000	10.016853217	7.5e-08
60110000	11.011432597	6.4e-08
60120000	12.0000000	0
60130000	13.00335483534	2.5e-10
60140000	14.00324198862	4.03e-09
60150000	15.010599256	8.58e-07
60160000	16.014701255	3.84e-06
60170000	17.022578650	1.86e-05
60180000	18.026751930	3.22e-05
60190000	19.034797594	0.000106
60200000	20.040261732	0.000248
60210000	21.049000	0.00064
60220000	22.057553990	0.000249
60230000	23.068890	0.00107
70100000	10.041653540	0.000429
70110000	11.026157593	5.37e-06
70120000	12.018613180	1.07e-06
70130000	13.005738609	2.89e-07
70140000	14.00307400425	2.4e-10
70150000	15.00010889827	6.2e-10
70160000	16.006101925	2.47e-06
70170000	17.008448876	1.61e-05
70180000	18.014077563	1.99e-05
70190000	19.017022389	1.76e-05
70200000	20.023367295	8.47e-05
70210000	21.027087573	0.000144
70220000	22.034100918	0.000223
70230000	23.039421000	0.000451
70240000	24.050390	0.00043
70250000	25.060100	0.00054
80110000	11.051249828	6.45e-05
80120000	12.034367726	1.29e-05
80130000	13.024815435	1.02e-05
80140000	14.008596706	2.7e-08
80150000	15.003065636	5.26e-07
80160000	15.99491461926	3.2e-10
80170000	16.99913175595	6.9e-10
80180000	17.99915961214	6.9e-10
80190000	19.003577969	2.83e-06
80200000	20.004075357	9.5e-07
80210000	21.008654948	1.29e-05
80220000	22.009965744	6.11e-05
80230000	23.015696686	0.000131
80240000	24.019861000	0.000177
80250000	25.029338919	0.000177
80260000	26.037210155	0.000177
80270000	27.047955	0.000537
80280000	28.055910	0.00075
90130000	13.045121	0.000537
90140000	14.034315196	4.41e-05
90150000	15.017785139	1.5e-05
90160000	16.011460278	5.76e-06
90170000	17.002095237	2.66e-07
90180000	18.000937324	4.97e-07
90190000	18.99840316207	8.8e-10
90200000	19.999981252	3.1e-08
90210000	20.999948893	1.93e-06
90220000	22.002998812	1.33e-05
90230000	23.003526875	3.58e-05
90240000	24.008099370	0.000105
90250000	25.012167727	0.000104
90260000	26.020048065	0.000115
90270000	27.026981897	0.000129
90280000	28.035860448	0.000129
90290000	29.043103000	0.000564
90300000	30.052561	0.000537
90310000	31.061023	0.000574
100150000	15.043172977	7.16e-05
100160000	16.025750860	2.2e-05
100170000	17.017713962	3.8e-07
100180000	18.005708696	3.9e-07
100190000	19.001880906	1.71e-07
100200000	19.99244017525	1.65e-09
100210000	20.993846685	4.1e-08
100220000	21.991385113	1.8e-08
100230000	22.994466905	1.12e-07
100240000	23.993610649	5.5e-07
100250000	24.997814797	3.12e-05
100260000	26.000516496	1.98e-05
100270000	27.007569462	9.74e-05
100280000	28.012130767	0.000135
100290000	29.019753000	0.00016
100300000	30.024992235	0.000272
100310000	31.033474816	0.000286
100320000	32.039720	0.00054
100330000	33.049523	0.000644
100340000	34.056728	0.000551
110170000	17.037273000	6.4e-05
110180000	18.026879388	0.000101
110190000	19.013880264	1.13e-05
110200000	20.007354301	1.19e-06
110210000	20.997654459	4.5e-08
110220000	21.994437547	1.41e-07
110230000	22.98976928195	1.94e-09
110240000	23.990963012	1.7e-08
110250000	24.989953974	1.29e-06
110260000	25.992634649	3.76e-06
110270000	26.994076408	4e-06
110280000	27.998939000	1.1e-05
110290000	29.002877091	7.88e-06
110300000	30.009097931	5.07e-06
110310000	31.013146654	1.5e-05
110320000	32.020011024	4e-05
110330000	33.025529000	0.000483
110340000	34.034010000	0.000643
110350000	35.040614	0.00072
110360000	36.049279	0.000737
110370000	37.057042	0.000737
110380000	38.066458	0.000768
110390000	39.075123	0.000797
120190000	19.034179920	6.44e-05
120200000	20.018763075	2e-06
120210000	21.011705764	8.1e-07
120220000	21.999570597	1.7e-07
120230000	22.994123768	3.4e-08
120240000	23.985041689	1.3e-08
120250000	24.985836966	5e-08
120260000	25.982592972	3.1e-08
120270000	26.984340647	5e-08
120280000	27.983875426	2.8e-07
120290000	28.988607163	3.69e-07
120300000	29.990465454	1.39e-06
120310000	30.996648232	3.3e-06
120320000	31.999110138	3.5e-06
120330000	33.005327862	2.86e-06
120340000	34.008935455	7.4e-06
120350000	35.016790000	0.000289
120360000	36.021879000	0.000741
120370000	37.030286265	0.00075
120380000	38.036580	0.00054
120390000	39.045921	0.000551
120400000	40.053194	0.000537
120410000	41.062373	0.000537
130210000	21.029082	0.000644
130220000	22.019540	0.00043
130230000	23.007244351	3.7e-07
130240000	23.999947598	2.44e-07
130250000	24.990428308	6.9e-08
130260000	25.986891876	7.1e-08
130270000	26.981538408	5e-08
130280000	27.981910009	5.2e-08
130290000	28.980453164	3.7e-07
130300000	29.982969171	2.08e-06
130310000	30.983949754	2.4e-06
130320000	31.988084338	7.7e-06
130330000	32.990877685	7.5e-06
130340000	33.996781924	2.26e-06
130350000	34.999759816	7.9e-06
130360000	36.006388000	0.00016
130370000	37.010531000	0.000193
130380000	38.017681	0.000161
130390000	39.023070	0.000322
130400000	40.030940	0.000322
130410000	41.037134	0.000429
130420000	42.045078	0.000537
130430000	43.051820	0.000644
140220000	22.036114	0.000537
140230000	23.025711	0.000537
140240000	24.011535430	2.09e-05
140250000	25.004108798	1.07e-05
140260000	25.992333818	1.15e-07
140270000	26.986704687	1.15e-07
140280000	27.97692653442	5.5e-10
140290000	28.97649466434	6e-10
140300000	29.973770137	2.3e-08
140310000	30.975363196	4.6e-08
140320000	31.974151538	3.2e-07
140330000	32.977976964	7.5e-07
140340000	33.978538045	8.6e-07
140350000	34.984550111	3.85e-05
140360000	35.986649271	7.71e-05
140370000	36.992945191	0.000122
140380000	37.995523000	0.000112
140390000	39.002491000	0.000145
140400000	40.006083641	0.000131
140410000	41.014171	0.000322
140420000	42.018078	0.000322
140430000	43.026119	0.000429
140440000	44.031466	0.000537
140450000	45.039818	0.000644
150240000	24.036522	0.000537
150250000	25.021675	0.000429
150260000	26.011780	0.00021
150270000	26.999292499	9.66e-06
150280000	27.992326460	1.23e-06
150290000	28.981800368	3.85e-07
150300000	29.978313490	6.9e-08
150310000	30.97376199768	8e-10
150320000	31.973907643	4.2e-08
150330000	32.971725692	1.17e-06
150340000	33.973645886	8.7e-07
150350000	34.973314045	2e-06
150360000	35.978259610	1.41e-05
150370000	36.979606942	4.07e-05
150380000	37.984303105	7.79e-05
150390000	38.986285865	0.000121
150400000	39.991262221	8.98e-05
150410000	40.994654000	0.000129
150420000	42.001172140	0.000102
150430000	43.005411	0.000322
150440000	44.011927	0.000429
150450000	45.017134	0.000537
150460000	46.024520	0.000537
150470000	47.030929	0.000644
160260000	26.029716	0.000644
160270000	27.018777	0.00043
160280000	28.004372762	0.000172
160290000	28.996678000	1.4e-05
160300000	29.984906770	2.21e-07
160310000	30.979557002	2.46e-07
160320000	31.97207117354	1.41e-09
160330000	32.97145890862	1.44e-09
160340000	33.967867011	4.7e-08
160350000	34.969032321	4.3e-08
160360000	35.967080692	2.01e-07
160370000	36.971125500	2.12e-07
160380000	37.971163300	7.7e-06
160390000	38.975133850	5.37e-05
160400000	39.975482561	4.27e-06
160410000	40.979593451	4.4e-06
160420000	41.981065100	3e-06
160430000	42.986907635	5.33e-06
160440000	43.990118846	5.6e-06
160450000	44.996414	0.000322
160460000	46.000687	0.000429
160470000	47.007730	0.000429
160480000	48.013301	0.000537
160490000	49.021891	0.000626
170280000	28.030349	0.000537
170290000	29.015053	0.000203
170300000	30.005018333	2.56e-05
170310000	30.992448097	3.7e-06
170320000	31.985684605	6.03e-07
170330000	32.977451988	4.19e-07
170340000	33.973762490	5.2e-08
170350000	34.968852694	3.8e-08
170360000	35.968306822	3.8e-08
170370000	36.965902573	5.5e-08
170380000	37.968010408	1.05e-07
170390000	38.968008151	1.86e-06
170400000	39.970415466	3.44e-05
170410000	40.970684525	7.38e-05
170420000	41.973342000	6.4e-05
170430000	42.974063700	6.64e-05
170440000	43.978014918	9.19e-05
170450000	44.980394353	0.000146
170460000	45.985254926	0.000104
170470000	46.989715	0.000215
170480000	47.995405	0.000537
170490000	49.000794	0.000429
170500000	50.008266	0.000429
170510000	51.015341	0.000751
170520000	52.024004	0.000751
180290000	29.040761	0.000471
180300000	30.023694	0.000192
180310000	31.012158	0.000215
180320000	31.997637824	1.9e-06
180330000	32.989925545	4.3e-07
180340000	33.980270092	8.3e-08
180350000	34.975257719	7.3e-07
180360000	35.967545106	2.8e-08
180370000	36.966776301	2.21e-07
180380000	37.962732102	2.09e-07
180390000	38.964313037	5.37e-06
180400000	39.96238312204	2.34e-09
180410000	40.964500570	3.72e-07
180420000	41.963045737	6.2e-06
180430000	42.965636056	5.7e-06
180440000	43.964923814	1.7e-06
180450000	44.968039731	5.5e-07
180460000	45.968039244	2.5e-06
180470000	46.972767112	1.3e-06
180480000	47.976001000	1.8e-05
180490000	48.981685	0.000429
180500000	49.985797	0.000537
180510000	50.993033	0.000429
180520000	51.998519	0.000644
180530000	53.007290	0.00075
180540000	54.013484	0.000859
190310000	31.036780	0.000322
190320000	32.023607	0.000429
190330000	33.008095	0.000215
190340000	33.998690	0.00021
190350000	34.988005406	5.5e-07
190360000	35.981301887	3.49e-07
190370000	36.973375890	1e-07
190380000	37.969081114	2.09e-07
190390000	38.96370648482	4.89e-09
190400000	39.963998165	6e-08
190410000	40.96182525611	4.03e-09
190420000	41.962402305	1.13e-07
190430000	42.960734701	4.4e-07
190440000	43.961586984	4.5e-07
190450000	44.960691491	5.6e-07
190460000	45.961981584	7.8e-07
190470000	46.961661612	1.5e-06
190480000	47.965341184	8.3e-07
190490000	48.968210753	8.6e-07
190500000	49.972380015	8.3e-06
190510000	50.975828664	1.4e-05
190520000	51.981602000	3.6e-05
190530000	52.986800000	0.00012
190540000	53.994471	0.000429
190550000	55.000505	0.000537
190560000	56.008567	0.000644
190570000	57.015169	0.000644
190580000	58.023543	0.000751
190590000	59.030864	0.000859
200330000	33.033312	0.000429
200340000	34.015985	0.000322
200350000	35.005572	0.000215
200360000	35.993074388	4.29e-05
200370000	36.985897849	6.8e-07
200380000	37.976319223	2.08e-07
200390000	38.970710811	6.4e-07
200400000	39.962590850	2.2e-08
200410000	40.962277905	1.47e-07
200420000	41.958617780	1.59e-07
200430000	42.958766381	2.44e-07
200440000	43.955481489	3.48e-07
200450000	44.956186270	3.92e-07
200460000	45.953687726	2.4e-06
200470000	46.954541134	2.38e-06
200480000	47.952522654	1.8e-08
200490000	48.955662625	1.9e-07
200500000	49.957499215	1.7e-06
200510000	50.960995663	5.6e-07
200520000	51.963213646	7.2e-07
200530000	52.968451000	4.7e-05
200540000	53.972989000	5.2e-05
200550000	54.979978000	0.000172
200560000	55.985496000	0.000268
200570000	56.992958	0.000429
200580000	57.998357	0.000537
200590000	59.006237	0.000644
200600000	60.011809	0.000751
200610000	61.020408	0.000859
210350000	35.029093	0.000429
210360000	36.017338	0.000322
210370000	37.004058	0.000322
210380000	37.995438	0.000215
210390000	38.984784953	2.58e-05
210400000	39.977967275	3.04e-06
210410000	40.969251163	8.3e-08
210420000	41.965516686	1.65e-07
210430000	42.961150425	2e-06
210440000	43.959402818	1.88e-06
210450000	44.955907051	7.12e-07
210460000	45.955167034	7.2e-07
210470000	46.952402444	2.07e-06
210480000	47.952222903	5.31e-06
210490000	48.950013159	2.43e-06
210500000	49.952187437	2.7e-06
210510000	50.953568838	2.7e-06
210520000	51.956496170	3.3e-06
210530000	52.958379173	1.9e-05
210540000	53.963029359	1.5e-05
210550000	54.966889637	6.7e-05
210560000	55.972607611	0.000279
210570000	56.977048000	0.000193
210580000	57.983382000	0.000204
210590000	58.988374000	0.000268
210600000	59.995115	0.000537
210610000	61.000537	0.000644
210620000	62.007848	0.000644
210630000	63.014031	0.000751
220370000	37.027021	0.000429
220380000	38.012206	0.000322
220390000	39.002684	0.000215
220400000	39.990345146	7.33e-05
220410000	40.983148000	3e-05
220420000	41.973049369	2.89e-07
220430000	42.968528420	6.14e-06
220440000	43.959689936	7.51e-07
220450000	44.958120758	8.97e-07
220460000	45.952626356	9.7e-08
220470000	46.951757491	8.5e-08
220480000	47.947940677	7.9e-08
220490000	48.947864391	8.4e-08
220500000	49.944785622	8.8e-08
220510000	50.946609468	5.19e-07
220520000	51.946883509	2.95e-06
220530000	52.949670714	3.1e-06
220540000	53.950892000	1.7e-05
220550000	54.955091000	3.1e-05
220560000	55.957677675	0.000108
220570000	56.963068098	0.000221
220580000	57.966808519	0.000197
220590000	58.972217	0.000322
220600000	59.976275000	0.000258
220610000	60.982426	0.000322
220620000	61.986903	0.000429
220630000	62.993709	0.000537
220640000	63.998411	0.000644
220650000	65.005593	0.000751
230390000	39.024230	0.000429
230400000	40.013387	0.000322
230410000	41.000333	0.000215
230420000	41.991820	0.00021
230430000	42.980766000	4.6e-05
230440000	43.974440977	7.8e-06
230450000	44.965768498	9.26e-07
230460000	45.960197389	1.43e-07
230470000	46.954903558	1.18e-07
230480000	47.952250900	1.04e-06
230490000	48.948510509	8.84e-07
230500000	49.947156681	9.9e-08
230510000	50.943957664	1.04e-07
230520000	51.944773636	1.7e-07
230530000	52.944334940	3.33e-06
230540000	53.946432009	1.2e-05
230550000	54.947262000	2.9e-05
230560000	55.950420082	0.000189
230570000	56.952297000	9.1e-05
230580000	57.956595985	0.000103
230590000	58.959623343	0.000148
230600000	59.964479215	0.000195
230610000	60.967603529	0.000252
230620000	61.972932556	0.000284
230630000	62.976661000	0.000365
230640000	63.982480	0.000429
230650000	64.986999	0.000537
230660000	65.993237	0.000537
230670000	66.998128	0.000644
240410000	41.021911	0.000429
240420000	42.007579	0.000322
240430000	42.997885	0.000215
240440000	43.985591000	5.5e-05
240450000	44.979050000	3.8e-05
240460000	45.968360969	1.23e-05
240470000	46.962894995	5.58e-06
240480000	47.954029431	7.85e-06
240490000	48.951333720	2.36e-06
240500000	49.946042209	1e-07
240510000	50.944765388	1.78e-07
240520000	51.940504714	1.2e-07
240530000	52.940646304	1.24e-07
240540000	53.938877359	1.42e-07
240550000	54.940836637	2.45e-07
240560000	55.940648977	6.2e-07
240570000	56.943612112	2e-06
240580000	57.944184501	3.2e-06
240590000	58.948345426	7.2e-07
240600000	59.949641656	1.2e-06
240610000	60.954378130	2e-06
240620000	61.956142920	3.7e-06
240630000	62.961161000	7.8e-05
240640000	63.963886000	0.000322
240650000	64.969608	0.000215
240660000	65.973011	0.000322
240670000	66.979313	0.000429
240680000	67.983156	0.000537
240690000	68.989662	0.000537
240700000	69.993945	0.000644
250430000	43.018647	0.000429
250440000	44.008009	0.000322
250450000	44.994654	0.000322
250460000	45.986669000	9.3e-05
250470000	46.975774000	3.4e-05
250480000	47.968548760	7.19e-06
250490000	48.959613350	2.38e-06
250500000	49.954238157	1.23e-07
250510000	50.948208770	3.26e-07
250520000	51.945559090	1.38e-07
250530000	52.941287497	3.71e-07
250540000	53.940355772	1.08e-06
250550000	54.938043040	2.79e-07
250560000	55.938902816	3.14e-07
250570000	56.938285944	1.61e-06
250580000	57.940066643	2.9e-06
250590000	58.940391111	2.5e-06
250600000	59.943136574	2.5e-06
250610000	60.944452541	2.5e-06
250620000	61.947907384	7.02e-06
250630000	62.949664672	4e-06
250640000	63.953849369	3.8e-06
250650000	64.956019749	4e-06
250660000	65.960546833	1.2e-05
250670000	66.963950	0.000215
250680000	67.968953	0.000322
250690000	68.972775	0.000429
250700000	69.978046	0.000537
250710000	70.982158	0.000537
250720000	71.988009	0.000644
250730000	72.992807	0.000644
260450000	45.015467	0.000304
260460000	46.001299	0.000322
260470000	46.992346	0.000537
260480000	47.980667000	9.9e-05
260490000	48.973429000	2.6e-05
260500000	49.962988000	9e-06
260510000	50.956855137	1.5e-06
260520000	51.948113364	1.92e-07
260530000	52.945305629	1.79e-06
260540000	53.939608189	3.68e-07
260550000	54.938291158	3.3e-07
260560000	55.934935537	2.87e-07
260570000	56.935391950	2.87e-07
260580000	57.933273575	3.39e-07
260590000	58.934873492	3.54e-07
260600000	59.934070249	3.66e-06
260610000	60.936746241	2.8e-06
260620000	61.936791809	3e-06
260630000	62.940272698	4.62e-06
260640000	63.940987761	5.39e-06
260650000	64.945015323	5.49e-06
260660000	65.946249958	4.4e-06
260670000	66.950930000	4.1e-06
260680000	67.952875	0.000207
260690000	68.957918	0.000215
260700000	69.960397	0.000322
260710000	70.965722	0.000429
260720000	71.968599	0.000537
260730000	72.974246	0.000537
260740000	73.977821	0.000537
260750000	74.984219	0.000644
260760000	75.988631	0.000644
270470000	47.011401	0.000644
270480000	48.001857	0.000537
270490000	48.989501	0.000537
270500000	49.981117000	0.000135
270510000	50.970647000	5.2e-05
270520000	51.963130224	5.67e-06
270530000	52.954203278	1.85e-06
270540000	53.948459075	3.8e-07
270550000	54.941996416	4.34e-07
270560000	55.939838032	5.1e-07
270570000	56.936289819	5.53e-07
270580000	57.935751292	1.24e-06
270590000	58.933193524	4.26e-07
270600000	59.933815536	4.33e-07
270610000	60.932476031	9.01e-07
270620000	61.934058198	1.99e-05
270630000	62.933599630	1.99e-05
270640000	63.935810176	2.15e-05
270650000	64.936462071	2.23e-06
270660000	65.939442943	1.5e-05
270670000	66.940609625	6.92e-06
270680000	67.944559401	4.14e-06
270690000	68.945909000	9.2e-05
270700000	69.950053400	1.18e-05
270710000	70.952366923	0.000499
270720000	71.956736	0.000322
270730000	72.959238	0.000322
270740000	73.963993	0.000429
270750000	74.967192	0.000429
270760000	75.972453	0.000537
270770000	76.976479	0.000644
270780000	77.983553	0.000751
280480000	48.019515	0.000455
280490000	49.009157	0.000644
280500000	49.996286	0.000537
280510000	50.987493	0.000537
280520000	51.975781000	8.9e-05
280530000	52.968190000	2.7e-05
280540000	53.957833000	5e-06
280550000	54.951329846	7.57e-07
280560000	55.942127761	4.28e-07
280570000	56.939791394	6.08e-07
280580000	57.935341650	3.74e-07
280590000	58.934345442	3.76e-07
280600000	59.930785129	3.78e-07
280610000	60.931054819	3.81e-07
280620000	61.928344753	4.55e-07
280630000	62.929669021	4.57e-07
280640000	63.927966228	4.97e-07
280650000	64.930084585	5.18e-07
280660000	65.929139333	1.5e-06
280670000	66.931569413	3.1e-06
280680000	67.931868787	3.2e-06
280690000	68.935610267	4e-06
280700000	69.936431300	2.3e-06
280710000	70.940518962	2.4e-06
280720000	71.941785924	2.4e-06
280730000	72.946206681	2.6e-06
280740000	73.947718	0.000215
280750000	74.952506	0.000215
280760000	75.954707	0.000322
280770000	76.959903	0.000429
280780000	77.962555	0.000429
280790000	78.969769	0.000537
280800000	79.975051	0.000644
280810000	80.982727	0.000751
280820000	81.988492	0.000859
290520000	51.997982	0.000644
290530000	52.985894	0.000537
290540000	53.977198	0.000429
290550000	54.966038000	0.000167
290560000	55.958529278	6.86e-06
290570000	56.949211686	5.37e-07
290580000	57.944532283	6.04e-07
290590000	58.939496713	5.66e-07
290600000	59.937363787	1.73e-06
290610000	60.933457375	1.02e-06
290620000	61.932594803	6.83e-07
290630000	62.929597119	4.57e-07
290640000	63.929764001	4.58e-07
290650000	64.927789476	6.9e-07
290660000	65.928868804	6.96e-07
290670000	66.927729490	9.57e-07
290680000	67.929610887	1.7e-06
290690000	68.929429267	1.5e-06
290700000	69.932392078	1.16e-06
290710000	70.932676831	1.6e-06
290720000	71.935820306	1.5e-06
290730000	72.936674376	2.08e-06
290740000	73.939874860	6.6e-06
290750000	74.941523817	7.7e-07
290760000	75.945268974	9.8e-07
290770000	76.947543599	1.3e-06
290780000	77.951916524	1.43e-05
290790000	78.954473100	0.000113
290800000	79.960623	0.000322
290810000	80.965743	0.000322
290820000	81.972378	0.000429
290830000	82.978110	0.000537
290840000	83.985271	0.000537
300540000	53.993879	0.000232
300550000	54.984681	0.000429
300560000	55.972743	0.000429
300570000	56.965056	0.000215
300580000	57.954590296	5.37e-05
300590000	58.949311886	8.14e-07
300600000	59.941841317	5.88e-07
300610000	60.939506964	1.71e-05
300620000	61.934333359	6.6e-07
300630000	62.933211140	1.67e-06
300640000	63.929141776	6.9e-07
300650000	64.929240534	6.93e-07
300660000	65.926033639	7.98e-07
300670000	66.927127422	8.1e-07
300680000	67.924844232	8.35e-07
300690000	68.926550360	8.53e-07
300700000	69.925319175	2.06e-06
300710000	70.927719578	2.85e-06
300720000	71.926842806	2.3e-06
300730000	72.929582580	2e-06
300740000	73.929407260	2.7e-06
300750000	74.932840244	2.1e-06
300760000	75.933114956	1.56e-06
300770000	76.936887197	2.12e-06
300780000	77.938289204	2.09e-06
300790000	78.942638067	2.39e-06
300800000	79.944552929	2.77e-06
300810000	80.950402617	5.4e-06
300820000	81.954574097	3.3e-06
300830000	82.961041	0.000322
300840000	83.965829	0.000429
300850000	84.973054	0.000537
300860000	85.978463	0.000537
310560000	55.995878	0.000537
310570000	56.983457	0.000429
310580000	57.974729	0.000322
310590000	58.963757	0.000183
310600000	59.957498	0.000215
310610000	60.949398861	4.08e-05
310620000	61.944189639	6.84e-07
310630000	62.939294194	1.4e-06
310640000	63.936840366	1.53e-06
310650000	64.932734424	8.49e-07
310660000	65.931589766	1.17e-06
310670000	66.928202276	1.26e-06
310680000	67.927980161	1.53e-06
310690000	68.925573528	1.28e-06
310700000	69.926021914	1.29e-06
310710000	70.924702554	8.7e-07
310720000	71.926367452	8.78e-07
310730000	72.925174680	1.8e-06
310740000	73.926945725	3.21e-06
310750000	74.926504484	7.2e-07
310760000	75.928827624	2.1e-06
310770000	76.929154299	2.6e-06
310780000	77.931610854	1.13e-06
310790000	78.932851582	1.3e-06
310800000	79.936420773	3.1e-06
310810000	80.938133841	3.5e-06
310820000	81.943176531	2.6e-06
310830000	82.947120300	2.8e-06
310840000	83.952663000	3.2e-05
310850000	84.957333000	4e-05
310860000	85.963757	0.000429
310870000	86.969007	0.000537
310880000	87.975963	0.000537
320580000	57.991863	0.000537
320590000	58.982426	0.000429
320600000	59.970445	0.000322
320610000	60.963725	0.000322
320620000	61.954761	0.00015
320630000	62.949628000	4e-05
320640000	63.941689912	4e-06
320650000	64.939368136	2.32e-06
320660000	65.933862124	2.58e-06
320670000	66.932716999	4.64e-06
320680000	67.928095305	2.01e-06
320690000	68.927964467	1.41e-06
320700000	69.924248542	8.8e-07
320710000	70.924952120	8.74e-07
320720000	71.922075824	8.1e-08
320730000	72.923458954	6.1e-08
320740000	73.921177760	1.3e-08
320750000	74.922858370	5.5e-08
320760000	75.921402725	1.9e-08
320770000	76.923549843	5.6e-08
320780000	77.922852911	3.79e-06
320790000	78.925359506	3.99e-05
320800000	79.925350773	2.21e-06
320810000	80.928832941	2.21e-06
320820000	81.929774031	2.4e-06
320830000	82.934539100	2.6e-06
320840000	83.937575090	3.4e-06
320850000	84.942969658	4e-06
320860000	85.946967000	0.00047
320870000	86.953204	0.000322
320880000	87.957574	0.000429
320890000	88.964530	0.000429
320900000	89.969436	0.000537
330600000	59.993945	0.000429
330610000	60.981535	0.000322
330620000	61.973784	0.000322
330630000	62.964036	0.000215
330640000	63.957560	0.000218
330650000	64.949611000	9.1e-05
330660000	65.944148778	6.1e-06
330670000	66.939251110	4.75e-07
330680000	67.936774127	1.98e-06
330690000	68.932246289	3.44e-05
330700000	69.930934642	1.5e-06
330710000	70.927113594	4.47e-06
330720000	71.926752291	4.38e-06
330730000	72.923829086	4.14e-06
330740000	73.923928596	1.82e-06
330750000	74.921594562	9.48e-07
330760000	75.922392011	9.51e-07
330770000	76.920647555	1.82e-06
330780000	77.921827771	1.05e-05
330790000	78.920948419	5.72e-06
330800000	79.922474440	3.58e-06
330810000	80.922132288	2.84e-06
330820000	81.924738731	4e-06
330830000	82.925206900	3e-06
330840000	83.929303290	3.4e-06
330850000	84.932163658	3.3e-06
330860000	85.936701532	3.7e-06
330870000	86.940291716	3.2e-06
330880000	87.945840	0.000215
330890000	88.950048	0.000322
330900000	89.955995	0.000429
330910000	90.960816	0.000429
330920000	91.967386	0.000537
340630000	62.981911	0.000537
340640000	63.971165	0.000537
340650000	64.964552	0.000322
340660000	65.955276	0.000215
340670000	66.949994000	7.2e-05
340680000	67.941825236	5.32e-07
340690000	68.939414845	1.6e-06
340700000	69.933515521	1.7e-06
340710000	70.932209431	3e-06
340720000	71.927140506	2.1e-06
340730000	72.926754881	7.97e-06
340740000	73.922475933	1.5e-08
340750000	74.922522870	7.8e-08
340760000	75.919213702	1.7e-08
340770000	76.919914150	6.7e-08
340780000	77.917309244	1.91e-07
340790000	78.918499252	2.38e-07
340800000	79.916521761	1.02e-06
340810000	80.917993019	1.05e-06
340820000	81.916699531	5e-07
340830000	82.919118604	3.26e-06
340840000	83.918466761	2.1e-06
340850000	84.922260758	2.8e-06
340860000	85.924311732	2.7e-06
340870000	86.928688616	2.4e-06
340880000	87.931417490	3.6e-06
340890000	88.936669058	4e-06
340900000	89.940096000	0.000354
340910000	90.945700000	0.000465
340920000	91.949840	0.000429
340930000	92.956135	0.000429
340940000	93.960490	0.000537
340950000	94.967300	0.000537
350650000	64.982297	0.000537
350660000	65.974697	0.000429
350670000	66.965078	0.000322
350680000	67.958356	0.000278
350690000	68.950338410	4.51e-05
350700000	69.944792321	1.6e-05
350710000	70.939342153	5.8e-06
350720000	71.936594606	1.1e-06
350730000	72.931673441	7.24e-06
350740000	73.929910279	6.26e-06
350750000	74.925810566	4.6e-06
350760000	75.924541574	1e-05
350770000	76.921379193	3.02e-06
350780000	77.921145858	3.84e-06
350790000	78.918337574	1.07e-06
350800000	79.918529784	1.06e-06
350810000	80.916288197	1.05e-06
350820000	81.916801752	1.04e-06
350830000	82.915175285	4.07e-06
350840000	83.916496417	2.76e-05
350850000	84.915645758	3.3e-06
350860000	85.918805432	3.3e-06
350870000	86.920674016	3.4e-06
350880000	87.924083290	3.4e-06
350890000	88.926704558	3.5e-06
350900000	89.931292848	3.6e-06
350910000	90.934398617	3.8e-06
350920000	91.939631595	7.2e-06
350930000	92.943220000	0.000462
350940000	93.948846	0.000215
350950000	94.952925	0.000322
350960000	95.958980	0.000322
350970000	96.963499	0.000429
350980000	97.969887	0.000429
360670000	66.983305	0.000455
360680000	67.972489	0.000537
360690000	68.965496	0.000322
360700000	69.955877	0.000215
360710000	70.950265695	0.000138
360720000	71.942092406	8.6e-06
360730000	72.939289193	7.06e-06
360740000	73.933084016	2.16e-06
360750000	74.930945744	8.7e-06
360760000	75.925910743	4.31e-06
360770000	76.924669999	2.1e-06
360780000	77.920366341	3.29e-07
360790000	78.920082919	3.74e-06
360800000	79.916377940	7.45e-07
360810000	80.916589703	1.15e-06
360820000	81.91348115368	5.91e-09
360830000	82.914126516	9e-09
360840000	83.91149772708	4.1e-09
360850000	84.912527260	2.15e-06
360860000	85.91061062468	3.99e-09
360870000	86.913354759	2.64e-07
360880000	87.914447879	2.8e-06
360890000	88.917835449	2.3e-06
360900000	89.919527929	2e-06
360910000	90.923806309	2.4e-06
360920000	91.926173092	2.9e-06
360930000	92.931147172	2.7e-06
360940000	93.934140452	1.3e-05
360950000	94.939710922	2e-05
360960000	95.943014473	2.07e-05
360970000	96.949088782	0.00014
360980000	97.952635	0.000322
360990000	98.958776	0.000429
361000000	99.962995	0.000429
361010000	100.969318	0.000537
370710000	70.965335	0.000429
370720000	71.958851	0.000537
370730000	72.950604506	4.38e-05
370740000	73.944265867	3.25e-06
370750000	74.938573200	1.27e-06
370760000	75.935073031	1.01e-06
370770000	76.930401599	1.4e-06
370780000	77.928141866	3.47e-06
370790000	78.923990095	2.08e-06
370800000	79.922516442	2e-06
370810000	80.918993900	5.26e-06
370820000	81.918209023	3.23e-06
370830000	82.915114181	2.5e-06
370840000	83.914375223	2.35e-06
370850000	84.91178973604	5.37e-09
370860000	85.911167443	2.14e-07
370870000	86.909180529	6e-09
370880000	87.911315590	1.7e-07
370890000	88.912278136	5.83e-06
370900000	89.914797557	6.93e-06
370910000	90.916537261	8.38e-06
370920000	91.919728477	6.57e-06
370930000	92.922039334	8.41e-06
370940000	93.926394819	2.18e-06
370950000	94.929263849	2.17e-05
370960000	95.934133398	3.6e-06
370970000	96.937177117	2.05e-06
370980000	97.941632317	1.73e-05
370990000	98.945119190	4.33e-06
371000000	99.950331532	1.41e-05
371010000	100.954302000	2.2e-05
371020000	101.960008000	8.9e-05
371030000	102.964401	0.000429
371040000	103.970531	0.000537
380730000	72.965700	0.00043
380740000	73.956170	0.000107
380750000	74.949952767	0.000236
380760000	75.941762760	3.7e-05
380770000	76.937945454	8.5e-06
380780000	77.932179979	8e-06
380790000	78.929704692	7.97e-06
380800000	79.924517538	3.72e-06
380810000	80.923211393	3.36e-06
380820000	81.918399845	6.43e-06
380830000	82.917554372	7.34e-06
380840000	83.913419118	1.33e-06
380850000	84.912932041	3.02e-06
380860000	85.90926072473	5.63e-09
380870000	86.90887749454	5.5e-09
380880000	87.905612253	6e-09
380890000	88.907450808	9.8e-08
380900000	89.907727870	1.55e-06
380910000	90.910195942	5.85e-06
380920000	91.911038222	3.67e-06
380930000	92.914024314	8.11e-06
380940000	93.915355641	1.78e-06
380950000	94.919358282	6.24e-06
380960000	95.921719045	9.09e-06
380970000	96.926375621	3.63e-06
380980000	97.928692636	3.46e-06
380990000	98.932883604	5.08e-06
381000000	99.935783270	7.43e-06
381010000	100.940606264	9.1e-06
381020000	101.944004679	7.2e-05
381030000	102.949243	0.000215
381040000	103.953022	0.000322
381050000	104.959001	0.000537
381060000	105.963177	0.000644
381070000	106.969672	0.000751
390750000	74.965840	0.000322
390760000	75.958937	0.000322
390770000	76.950146	0.000218
390780000	77.943990	0.00032
390790000	78.937946000	8.6e-05
390800000	79.934354750	6.7e-06
390810000	80.929454283	5.8e-06
390820000	81.926930189	5.9e-06
390830000	82.922484026	2e-05
390840000	83.920671060	4.61e-06
390850000	84.916433039	2.04e-05
390860000	85.914886095	1.52e-05
390870000	86.910876100	1.21e-06
390880000	87.909501274	1.61e-06
390890000	88.905838156	3.63e-07
390900000	89.907141749	3.79e-07
390910000	90.907298048	1.98e-06
390920000	91.908945752	9.8e-06
390930000	92.909578434	1.13e-05
390940000	93.911592062	6.85e-06
390950000	94.912819697	7.28e-06
390960000	95.915909305	6.52e-06
390970000	96.918286702	7.2e-06
390980000	97.922394841	8.5e-06
390990000	98.924160839	7.1e-06
391000000	99.927727678	1.2e-05
391010000	100.930160817	7.6e-06
391020000	101.934328471	4.38e-06
391030000	102.937243796	1.2e-05
391040000	103.941943	0.000215
391050000	104.945711	0.000429
391060000	105.950842	0.000537
391070000	106.954943	0.000537
391080000	107.960515	0.000644
391090000	108.965131	0.000751
400770000	76.966076	0.000429
400780000	77.956146	0.000429
400790000	78.949790	0.000322
400800000	79.941213	0.000322
400810000	80.938245000	9.9e-05
400820000	81.931707497	1.7e-06
400830000	82.929240926	6.9e-06
400840000	83.923325663	5.9e-06
400850000	84.921443199	6.9e-06
400860000	85.916296814	3.83e-06
400870000	86.914817338	4.45e-06
400880000	87.910220715	5.8e-06
400890000	88.908879751	2.98e-06
400900000	89.904698755	1.26e-07
400910000	90.905640205	1.01e-07
400920000	91.905035336	1.01e-07
400930000	92.906470661	4.89e-07
400940000	93.906312523	1.75e-07
400950000	94.908040276	9.33e-07
400960000	95.908277615	1.22e-07
400970000	96.910963802	1.3e-07
400980000	97.912740448	9.06e-06
400990000	98.916675081	1.13e-05
401000000	99.918010499	8.74e-06
401010000	100.921458454	8.94e-06
401020000	101.923154181	9.4e-06
401030000	102.927204054	9.9e-06
401040000	103.929449193	1e-05
401050000	104.934021832	1.3e-05
401060000	105.936930	0.000215
401070000	106.942007	0.000322
401080000	107.945303	0.000429
401090000	108.950907	0.000537
401100000	109.954675	0.000537
401110000	110.960837	0.000644
401120000	111.965196	0.000751
401130000	112.971723	0.000322
410790000	78.966022	0.000537
410800000	79.958754	0.000429
410810000	80.950230	0.000429
410820000	81.944380	0.000322
410830000	82.938150000	0.000174
410840000	83.934305711	4.3e-07
410850000	84.928845836	4.4e-06
410860000	85.925781536	5.9e-06
410870000	86.920692473	7.3e-06
410880000	87.918226476	6.21e-05
410890000	88.913444696	2.54e-05
410900000	89.911259201	3.56e-06
410910000	90.906990256	3.14e-06
410920000	91.907188580	1.91e-06
410930000	92.906373170	1.6e-06
410940000	93.907279001	1.6e-06
410950000	94.906831110	5.45e-07
410960000	95.908101586	1.57e-07
410970000	96.908101622	4.56e-06
410980000	97.910332645	5.37e-06
410990000	98.911609377	1.29e-05
411000000	99.914340578	8.56e-06
411010000	100.915306508	4.02e-06
411020000	101.918090447	2.69e-06
411030000	102.919453416	4.22e-06
411040000	103.922907728	1.91e-06
411050000	104.924942577	4.32e-06
411060000	105.928928505	1.52e-06
411070000	106.931589685	8.61e-06
411080000	107.936075604	8.84e-06
411090000	108.939141000	0.000462
411100000	109.943843000	0.0009
411110000	110.947439	0.000322
411120000	111.952689	0.000322
411130000	112.956833	0.000429
411140000	113.962469	0.000537
411150000	114.966849	0.000537
411160000	115.972914	0.000322
420810000	80.966226	0.000537
420820000	81.956661	0.000429
420830000	82.950252	0.00043
420840000	83.941846	0.00032
420850000	84.938260736	1.7e-05
420860000	85.931174092	3.15e-06
420870000	86.928196198	3.07e-06
420880000	87.921967779	4.1e-06
420890000	88.919468149	4.2e-06
420900000	89.913931270	3.72e-06
420910000	90.911745190	6.7e-06
420920000	91.906807153	1.68e-07
420930000	92.906808772	1.93e-07
420940000	93.905083586	1.51e-07
420950000	94.905837436	1.32e-07
420960000	95.904674770	1.28e-07
420970000	96.906016903	1.76e-07
420980000	97.905403609	1.86e-07
420990000	98.907707299	2.45e-07
421000000	99.907467982	3.22e-07
421010000	100.910337648	3.31e-07
421020000	101.910293725	8.92e-06
421030000	102.913091954	9.9e-06
421040000	103.913747443	9.57e-06
421050000	104.916981989	9.72e-06
421060000	105.918273231	9.8e-06
421070000	106.922119770	9.9e-06
421080000	107.924047508	9.9e-06
421090000	108.928438318	1.2e-05
421100000	109.930717956	2.6e-05
421110000	110.935651966	1.35e-05
421120000	111.938293	0.000215
421130000	112.943478	0.000322
421140000	113.946666	0.000322
421150000	114.952174	0.000429
421160000	115.955759	0.000537
421170000	116.961686	0.000537
421180000	117.965249	0.000537
421190000	118.971465	0.000322
430830000	82.966377	0.000537
430840000	83.959527	0.000429
430850000	84.950778	0.000429
430860000	85.944637	0.000322
430870000	86.938067185	4.5e-06
430880000	87.933794211	4.4e-06
430890000	88.927648649	4.1e-06
430900000	89.924073919	1.1e-06
430910000	90.918424972	2.54e-06
430920000	91.915269777	3.33e-06
430930000	92.910245147	1.09e-06
430940000	93.909652319	4.37e-06
430950000	94.907652281	5.45e-06
430960000	95.907866675	5.52e-06
430970000	96.906360720	4.42e-06
430980000	97.907211206	3.63e-06
430990000	98.906249681	9.74e-07
431000000	99.907652715	1.45e-06
431010000	100.907305271	2.58e-05
431020000	101.909207239	9.84e-06
431030000	102.909173960	1.05e-05
431040000	103.911433718	2.67e-05
431050000	104.911662024	3.79e-05
431060000	105.914356674	1.31e-05
431070000	106.915458437	9.31e-06
431080000	107.918493493	9.41e-06
431090000	108.920254107	1.04e-05
431100000	109.923741263	1.02e-05
431110000	110.925898966	1.14e-05
431120000	111.929941658	5.92e-06
431130000	112.932569032	3.6e-06
431140000	113.937090000	0.000465
431150000	114.940100	0.00021
431160000	115.945020	0.00032
431170000	116.948320	0.000429
431180000	117.953526	0.000429
431190000	118.956876	0.000537
431200000	119.962426	0.000537
431210000	120.966140	0.000537
431220000	121.971760	0.000322
440850000	84.967117	0.000537
440860000	85.957305	0.000429
440870000	86.950907	0.000429
440880000	87.941664	0.000322
440890000	88.937337849	2.6e-05
440900000	89.930344378	4e-06
440910000	90.926741530	2.38e-06
440920000	91.920234373	2.92e-06
440930000	92.917104442	2.22e-06
440940000	93.911342860	3.37e-06
440950000	94.910404415	1.02e-05
440960000	95.907588910	1.82e-07
440970000	96.907545776	2.96e-06
440980000	97.905286709	6.94e-06
440990000	98.905930284	3.68e-07
441000000	99.904210460	3.67e-07
441010000	100.905573086	4.43e-07
441020000	101.904340312	4.46e-07
441030000	102.906314846	4.73e-07
441040000	103.905425312	2.68e-06
441050000	104.907745478	2.68e-06
441060000	105.907328181	5.79e-06
441070000	106.909969837	9.31e-06
441080000	107.910185793	9.32e-06
441090000	108.913323707	9.61e-06
441100000	109.914038501	9.58e-06
441110000	110.917567566	1.04e-05
441120000	111.918806922	1.03e-05
441130000	112.922846729	4.11e-05
441140000	113.924614430	3.82e-06
441150000	114.929033049	2.7e-05
441160000	115.931219191	4e-06
441170000	116.936135000	0.000465
441180000	117.938808	0.000215
441190000	118.944090	0.000322
441200000	119.946623	0.000429
441210000	120.952098	0.000429
441220000	121.955147	0.000537
441230000	122.960762	0.000537
441240000	123.963940	0.000644
441250000	124.969544	0.000322
450880000	87.960429	0.000429
450890000	88.950992	0.000387
450900000	89.944569	0.000215
450910000	90.937123	0.00032
450920000	91.932367692	4.7e-06
450930000	92.925912778	2.82e-06
450940000	93.921730450	3.63e-06
450950000	94.915897893	4.17e-06
450960000	95.914451705	1.07e-05
450970000	96.911327872	3.81e-05
450980000	97.910707734	1.28e-05
450990000	98.908121241	2.09e-05
451000000	99.908114147	1.95e-05
451010000	100.906158903	6.27e-06
451020000	101.906834282	6.88e-06
451030000	102.905494081	2.47e-06
451040000	103.906645309	2.47e-06
451050000	104.905687787	2.69e-06
451060000	105.907285879	5.79e-06
451070000	106.906747975	1.29e-05
451080000	107.908715304	1.5e-05
451090000	108.908749555	4.34e-06
451100000	109.911079745	1.91e-05
451110000	110.911643164	7.36e-06
451120000	111.914405199	4.73e-05
451130000	112.915440212	7.66e-06
451140000	113.918721680	7.68e-05
451150000	114.920311649	7.86e-06
451160000	115.924062060	7.93e-05
451170000	116.926036291	9.55e-06
451180000	117.930341116	2.6e-05
451190000	118.932556951	1e-05
451200000	119.937069	0.000215
451210000	120.939613000	0.000665
451220000	121.944305	0.000322
451230000	122.947192	0.000429
451240000	123.952002	0.000429
451250000	124.955094	0.000537
451260000	125.960064	0.000537
451270000	126.963789	0.000644
451280000	127.970649	0.000322
460900000	89.957370	0.000429
460910000	90.950435	0.000454
460920000	91.941192225	0.00037
460930000	92.936680426	0.000397
460940000	93.929036286	4.6e-06
460950000	94.924888506	3.25e-06
460960000	95.918213739	4.5e-06
460970000	96.916471985	5.2e-06
460980000	97.912698335	5.09e-06
460990000	98.911773073	5.48e-06
461000000	99.908520438	1.89e-05
461010000	100.908284824	4.92e-06
461020000	101.905632292	4.49e-07
461030000	102.906111074	9.42e-07
461040000	103.904030393	1.43e-06
461050000	104.905079479	1.22e-06
461060000	105.903480287	1.19e-06
461070000	106.905128058	1.29e-06
461080000	107.903891806	1.19e-06
461090000	108.905950576	1.19e-06
461100000	109.905172878	6.57e-07
461110000	110.907690358	7.85e-07
461120000	111.907330557	7.03e-06
461130000	112.910261912	7.46e-06
461140000	113.910369430	7.46e-06
461150000	114.913659333	1.45e-05
461160000	115.914297872	7.66e-06
461170000	116.917955584	7.79e-06
461180000	117.919067273	2.68e-06
461190000	118.923341138	8.85e-06
461200000	119.924551745	2.46e-06
461210000	120.928950342	3.6e-06
461220000	121.930631693	2.1e-05
461230000	122.935126000	0.000847
461240000	123.937305	0.000322
461250000	124.942072	0.000429
461260000	125.944401	0.000429
461270000	126.949307	0.000537
461280000	127.952345	0.000537
461290000	128.959334	0.000644
461300000	129.964863	0.000322
461310000	130.972367	0.000322
470920000	91.959710	0.000429
470930000	92.950188	0.00043
470940000	93.943744	0.000429
470950000	94.935688	0.000429
470960000	95.930743903	9.67e-05
470970000	96.923881400	1.29e-05
470980000	97.921559970	3.53e-05
470990000	98.917645766	6.72e-06
471000000	99.916115443	5.37e-06
471010000	100.912683951	5.19e-06
471020000	101.911704538	8.77e-06
471030000	102.908960558	4.4e-06
471040000	103.908623715	4.53e-06
471050000	104.906525604	4.88e-06
471060000	105.906663499	3.24e-06
471070000	106.905091509	2.56e-06
471080000	107.905950245	2.56e-06
471090000	108.904755778	1.38e-06
471100000	109.906110724	1.38e-06
471110000	110.905296827	1.56e-06
471120000	111.907048548	2.6e-06
471130000	112.906572865	1.79e-05
471140000	113.908823029	4.9e-06
471150000	114.908767445	1.96e-05
471160000	115.911386809	3.5e-06
471170000	116.911774086	1.46e-05
471180000	117.914595484	2.7e-06
471190000	118.915570309	1.58e-05
471200000	119.918784765	4.8e-06
471210000	120.920125279	1.3e-05
471220000	121.923664446	4.1e-05
471230000	122.925315060	3.5e-05
471240000	123.928899227	0.00027
471250000	124.930735000	0.000465
471260000	125.934814	0.000215
471270000	126.937037	0.000215
471280000	127.941266	0.000322
471290000	128.944315	0.000429
471300000	129.950727	0.000455
471310000	130.956253	0.000537
471320000	131.963070	0.000537
471330000	132.968781	0.000537
480940000	93.956586	0.000537
480950000	94.949483	0.000607
480960000	95.940341	0.00044
480970000	96.934799343	0.000451
480980000	97.927389315	5.56e-05
480990000	98.924925845	1.7e-06
481000000	99.920348829	1.8e-06
481010000	100.918586209	1.6e-06
481020000	101.914481797	1.78e-06
481030000	102.913416922	1.94e-06
481040000	103.909856228	1.79e-06
481050000	104.909463893	1.49e-06
481060000	105.906459791	1.18e-06
481070000	106.906612049	1.78e-06
481080000	107.904183588	1.21e-06
481090000	108.904986697	1.65e-06
481100000	109.903007470	4.07e-07
481110000	110.904183776	3.83e-07
481120000	111.902763896	2.68e-07
481130000	112.904408105	2.62e-07
481140000	113.903364998	2.96e-07
481150000	114.905437426	6.99e-07
481160000	115.904763230	1.72e-07
481170000	116.907226039	1.09e-06
481180000	117.906921956	2.15e-05
481190000	118.909847052	4.05e-05
481200000	119.909868065	4e-06
481210000	120.912963660	2.08e-06
481220000	121.913459050	2.47e-06
481230000	122.916892460	2.89e-06
481240000	123.917659772	2.8e-06
481250000	124.921257590	3.1e-06
481260000	125.922430290	2.47e-06
481270000	126.926203291	6.66e-06
481280000	127.927816778	6.9e-06
481290000	128.932235597	5.7e-06
481300000	129.934387563	2.4e-05
481310000	130.940727740	2.07e-05
481320000	131.945823136	6.45e-05
481330000	132.952614	0.000215
481340000	133.957638	0.000322
481350000	134.964766	0.000429
490960000	95.959109	0.000537
490970000	96.949125	0.00043
490980000	97.942129	0.000327
490990000	98.934110	0.00032
491000000	99.931101929	2.4e-06
491010000	100.926414025	1.25e-05
491020000	101.924105911	4.91e-06
491030000	102.919878830	9.64e-06
491040000	103.918214538	6.2e-06
491050000	104.914502322	1.1e-05
491060000	105.913463596	1.31e-05
491070000	106.910287497	1.04e-05
491080000	107.909693654	9.28e-06
491090000	108.907149679	4.26e-06
491100000	109.907170674	1.24e-05
491110000	110.905107236	3.67e-06
491120000	111.905538718	4.56e-06
491130000	112.904060451	2.02e-07
491140000	113.904916405	3.23e-07
491150000	114.903878772	1.2e-08
491160000	115.905259992	2.36e-07
491170000	116.904515729	5.24e-06
491180000	117.906356705	8.32e-06
491190000	118.905851622	7.85e-06
491200000	119.907967489	4.3e-05
491210000	120.907852778	2.94e-05
491220000	121.910282458	5.37e-05
491230000	122.910435252	2.13e-05
491240000	123.913184873	3.28e-05
491250000	124.913673841	1.9e-06
491260000	125.916468202	4.5e-06
491270000	126.917466040	1.07e-05
491280000	127.920353637	1.42e-06
491290000	128.921808534	2.12e-06
491300000	129.924952257	1.92e-06
491310000	130.926972839	2.37e-06
491320000	131.932998444	6.44e-05
491330000	132.938067	0.000215
491340000	133.944208	0.000215
491350000	134.949425	0.000322
491360000	135.956017	0.000322
491370000	136.961535	0.000429
500990000	98.948495	0.000625
501000000	99.938648944	0.000258
501010000	100.935259252	0.000322
501020000	101.930289525	0.000107
501030000	102.927973	0.000108
501040000	103.923105195	6.17e-06
501050000	104.921268421	4.26e-06
501060000	105.916957394	5.46e-06
501070000	106.915713649	5.7e-06
501080000	107.911894290	5.78e-06
501090000	108.911292857	8.53e-06
501100000	109.907844835	1.48e-05
501110000	110.907741143	5.73e-06
501120000	111.904824894	3.15e-07
501130000	112.905175857	1.69e-06
501140000	113.902780130	3.1e-08
501150000	114.903344695	1.6e-08
501160000	115.901742825	1.03e-07
501170000	116.902954036	5.18e-07
501180000	117.901606630	5.36e-07
501190000	118.903311266	7.78e-07
501200000	119.902202557	9.87e-07
501210000	120.904243488	1.05e-06
501220000	121.903445494	2.63e-06
501230000	122.905727065	2.66e-06
501240000	123.905279619	1.41e-06
501250000	124.907789370	1.43e-06
501260000	125.907658958	1.15e-05
501270000	126.910391726	9.9e-06
501280000	127.910507828	1.9e-05
501290000	128.913482440	1.85e-05
501300000	129.913974531	2.01e-06
501310000	130.917053067	3.89e-06
501320000	131.917823898	2.12e-06
501330000	132.923913753	2.04e-06
501340000	133.928680430	3.4e-06
501350000	134.934908603	3.3e-06
501360000	135.939699	0.000215
501370000	136.946162	0.000322
501380000	137.951143	0.000429
501390000	138.957799	0.000429
501400000	139.962973	0.000322
511020000	101.945142	0.000429
511030000	102.939162	0.000322
511040000	103.936344	0.000109
511050000	104.931276547	2.34e-05
511060000	105.928637979	8e-06
511070000	106.924150621	4.45e-06
511080000	107.922226731	5.9e-06
511090000	108.918141203	5.65e-06
511100000	109.916854283	6.4e-06
511110000	110.913218187	9.5e-06
511120000	111.912399903	1.91e-05
511130000	112.909374664	1.85e-05
511140000	113.909289155	2.12e-05
511150000	114.906598000	1.72e-05
511160000	115.906792732	5.53e-06
511170000	116.904841519	9.06e-06
511180000	117.905532194	3.24e-06
511190000	118.903944062	7.51e-06
511200000	119.905080308	7.73e-06
511210000	120.903811353	2.69e-06
511220000	121.905169335	2.69e-06
511230000	122.904215292	1.46e-06
511240000	123.905937065	1.46e-06
511250000	124.905254264	2.7e-06
511260000	125.907253158	3.42e-05
511270000	126.906925557	5.46e-06
511280000	127.909146121	2.02e-05
511290000	128.909146623	2.28e-05
511300000	129.911662686	1.53e-05
511310000	130.911989339	2.24e-06
511320000	131.914508013	2.65e-06
511330000	132.915272128	3.36e-06
511340000	133.920537334	3.3e-06
511350000	134.925184354	2.83e-06
511360000	135.930749009	6.26e-06
511370000	136.935522519	5.6e-05
511380000	137.941331	0.000322
511390000	138.946269	0.000429
511400000	139.952345	0.000644
511410000	140.957552	0.000537
511420000	141.963918	0.000322
521040000	103.946723408	0.000341
521050000	104.943304516	0.000322
521060000	105.937498521	0.000108
521070000	106.934882	0.000108
521080000	107.929380469	5.81e-06
521090000	108.927304532	4.7e-06
521100000	109.922458102	7.06e-06
521110000	110.921000587	6.9e-06
521120000	111.916727848	9e-06
521130000	112.915891000	3e-05
521140000	113.912087820	2.62e-05
521150000	114.911902000	3e-05
521160000	115.908465558	2.6e-05
521170000	116.908646227	1.44e-05
521180000	117.905860104	1.97e-05
521190000	118.906405699	7.81e-06
521200000	119.904065779	1.88e-06
521210000	120.904945065	2.77e-05
521220000	121.903044708	1.46e-06
521230000	122.904271022	1.45e-06
521240000	123.902818341	1.45e-06
521250000	124.904431178	1.45e-06
521260000	125.903312144	1.45e-06
521270000	126.905226993	1.46e-06
521280000	127.904461237	7.58e-07
521290000	128.906596419	7.63e-07
521300000	129.906222745	1.1e-08
521310000	130.908522210	6.5e-08
521320000	131.908546713	3.74e-06
521330000	132.910963330	2.22e-06
521340000	133.911396376	2.95e-06
521350000	134.916554715	1.85e-06
521360000	135.920101180	2.45e-06
521370000	136.925599354	2.25e-06
521380000	137.929472452	4.07e-06
521390000	138.935367191	3.8e-06
521400000	139.939487057	1.54e-05
521410000	140.945604	0.000429
521420000	141.950027	0.000537
521430000	142.956489	0.000537
521440000	143.961116	0.000322
521450000	144.967783	0.000322
531060000	105.953516	0.000429
531070000	106.946935	0.000322
531080000	107.943348	0.000109
531090000	108.938086022	7.22e-06
531100000	109.935085102	6.65e-05
531110000	110.930269236	5.1e-06
531120000	111.928004548	1.1e-05
531130000	112.923650062	8.6e-06
531140000	113.922018900	2.15e-05
531150000	114.918048000	3.1e-05
531160000	115.916885513	8.06e-05
531170000	116.913645649	2.74e-05
531180000	117.913074000	2.12e-05
531190000	118.910060910	2.33e-05
531200000	119.910093729	1.62e-05
531210000	120.907411492	5.07e-06
531220000	121.907590094	5.56e-06
531230000	122.905589753	3.96e-06
531240000	123.906210297	2.47e-06
531250000	124.904630610	1.45e-06
531260000	125.905624205	4.05e-06
531270000	126.904472592	3.89e-06
531280000	127.905809355	3.89e-06
531290000	128.904983643	3.38e-06
531300000	129.906670168	3.38e-06
531310000	130.906126375	6.49e-07
531320000	131.907993511	4.36e-06
531330000	132.907828400	6.33e-06
531340000	133.909775660	5.21e-06
531350000	134.910059355	2.21e-06
531360000	135.914604693	1.52e-05
531370000	136.918028178	9e-06
531380000	137.922726392	6.4e-06
531390000	138.926493400	4.3e-06
531400000	139.931715914	1.3e-05
531410000	140.935666081	1.7e-05
531420000	141.941166595	5.3e-06
531430000	142.945475	0.000215
531440000	143.951336	0.000429
531450000	144.955845	0.000537
531460000	145.961846	0.000322
531470000	146.966505	0.000322
541080000	107.954232285	0.000407
541090000	108.950434955	0.000322
541100000	109.944258759	0.000108
541110000	110.941470	0.000124
541120000	111.935559068	8.89e-06
541130000	112.933221663	7.34e-06
541140000	113.927980329	1.2e-05
541150000	114.926293943	1.3e-05
541160000	115.921580955	1.4e-05
541170000	116.920358758	1.11e-05
541180000	117.916178678	1.11e-05
541190000	118.915410641	1.11e-05
541200000	119.911784267	1.27e-05
541210000	120.911453012	1.1e-05
541220000	121.908367655	1.19e-05
541230000	122.908482235	1.02e-05
541240000	123.905885174	1.46e-06
541250000	124.906387640	1.52e-06
541260000	125.904297422	6e-09
541270000	126.905183636	4.39e-06
541280000	127.90353075341	5.58e-09
541290000	128.90478085742	5.42e-09
541300000	129.903509346	1e-08
541310000	130.90508412808	5.49e-09
541320000	131.90415508346	5.44e-09
541330000	132.905910748	2.58e-06
541340000	133.905393030	6e-09
541350000	134.907231441	3.94e-06
541360000	135.907214474	7e-09
541370000	136.911557771	1.11e-07
541380000	137.914146268	3.01e-06
541390000	138.918792200	2.3e-06
541400000	139.921645814	2.5e-06
541410000	140.926787181	3.1e-06
541420000	141.929973095	2.9e-06
541430000	142.935369550	5e-06
541440000	143.938945076	5.7e-06
541450000	144.944719631	1.2e-05
541460000	145.948518245	2.6e-05
541470000	146.954482	0.000215
541480000	147.958508	0.000322
541490000	148.964573	0.000322
541500000	149.968878	0.000322
551110000	110.953945	0.000215
551120000	111.950172	0.000124
551130000	112.944428484	9.21e-06
551140000	113.941292244	9.13e-05
551150000	114.935910	0.00011
551160000	115.933395	0.000108
551170000	116.928616723	6.7e-05
551180000	117.926559517	1.37e-05
551190000	118.922377327	1.5e-05
551200000	119.920677277	1.07e-05
551210000	120.917227235	1.53e-05
551220000	121.916108144	3.62e-05
551230000	122.912996060	1.3e-05
551240000	123.912247366	9.82e-06
551250000	124.909725953	8.3e-06
551260000	125.909445821	1.11e-05
551270000	126.907417527	5.99e-06
551280000	127.907748452	5.77e-06
551290000	128.906065910	4.89e-06
551300000	129.906709281	8.97e-06
551310000	130.905468457	1.9e-07
551320000	131.906437740	1.11e-06
551330000	132.905451958	8e-09
551340000	133.906718501	1.7e-08
551350000	134.905976907	3.9e-07
551360000	135.907311431	2.01e-06
551370000	136.907089296	3.24e-07
551380000	137.911017119	9.83e-06
551390000	138.913363822	3.36e-06
551400000	139.917283707	8.8e-06
551410000	140.920045279	9.87e-06
551420000	141.924299514	7.59e-06
551430000	142.927347346	8.13e-06
551440000	143.932075402	2.16e-05
551450000	144.935528927	9.73e-06
551460000	145.940621867	3.11e-06
551470000	146.944261512	9e-06
551480000	147.949639026	1.4e-05
551490000	148.953516	0.000429
551500000	149.959023	0.000429
551510000	150.963199	0.000537
551520000	151.968728	0.000537
561130000	112.957370	0.000322
561140000	113.950718489	0.00011
561150000	114.947482	0.000215
561160000	115.941621	0.000215
561170000	116.938316403	0.000269
561180000	117.933226	0.000215
561190000	118.930659683	0.000215
561200000	119.926044997	0.000322
561210000	120.924052286	0.000152
561220000	121.919904000	3e-05
561230000	122.918781060	1.3e-05
561240000	123.915093627	1.34e-05
561250000	124.914471840	1.18e-05
561260000	125.911250202	1.34e-05
561270000	126.911091272	1.22e-05
561280000	127.908352446	1.73e-06
561290000	128.908683409	1.13e-05
561300000	129.906326002	3.08e-07
561310000	130.906946315	4.45e-07
561320000	131.905061231	1.13e-06
561330000	132.906007443	1.06e-06
561340000	133.904508249	2.69e-07
561350000	134.905688447	2.63e-07
561360000	135.904575800	2.62e-07
561370000	136.905827207	2.66e-07
561380000	137.905247059	2.67e-07
561390000	138.908841164	2.71e-07
561400000	139.910608231	8.48e-06
561410000	140.914403653	5.71e-06
561420000	141.916432904	6.36e-06
561430000	142.920625149	7.25e-06
561440000	143.922954821	7.66e-06
561450000	144.927518400	9.1e-06
561460000	145.930363200	1.9e-06
561470000	146.935303900	2.12e-05
561480000	147.938223000	1.6e-06
561490000	148.943284000	2.7e-06
561500000	149.946441100	6.1e-06
561510000	150.951755	0.000429
561520000	151.955330	0.000429
561530000	152.960848	0.000429
561540000	153.964659	0.000537
571160000	115.957005	0.000345
571170000	116.950326	0.000215
571180000	117.946731	0.000322
571190000	118.940934	0.000322
571200000	119.938196	0.000322
571210000	120.933236	0.000322
571220000	121.930710	0.00032
571230000	122.926300	0.00021
571240000	123.924574275	6.08e-05
571250000	124.920815931	2.79e-05
571260000	125.919512667	9.72e-05
571270000	126.916375083	2.79e-05
571280000	127.915592123	5.85e-05
571290000	128.912695592	2.29e-05
571300000	129.912369413	2.79e-05
571310000	130.910070000	3e-05
571320000	131.910119047	3.9e-05
571330000	132.908218000	3e-05
571340000	133.908514011	2.14e-05
571350000	134.906984427	1.01e-05
571360000	135.907634962	5.71e-05
571370000	136.906450438	1.76e-06
571380000	137.907124041	4.46e-07
571390000	138.906362927	6.51e-07
571400000	139.909487285	6.51e-07
571410000	140.910971155	4.43e-06
571420000	141.914090760	6.75e-06
571430000	142.916079482	7.87e-06
571440000	143.919645589	1.39e-05
571450000	144.921808065	1.32e-05
571460000	145.925688017	1.8e-06
571470000	146.928417800	1.15e-05
571480000	147.932679400	2.09e-05
571490000	148.935351259	0.000215
571500000	149.939547500	2.7e-06
571510000	150.942769000	0.000467
571520000	151.947085	0.000322
571530000	152.950553	0.000322
571540000	153.955416	0.000322
571550000	154.959280	0.000429
571560000	155.964519	0.000429
571570000	156.968792	0.000322
581190000	118.952957	0.000537
581200000	119.946613	0.000537
581210000	120.943435	0.00043
581220000	121.937870	0.00043
581230000	122.935280	0.00032
581240000	123.930310	0.00032
581250000	124.928440	0.00021
581260000	125.923971000	3e-05
581270000	126.922727000	3.1e-05
581280000	127.918911000	3e-05
581290000	128.918102000	3e-05
581300000	129.914736000	3e-05
581310000	130.914429465	3.52e-05
581320000	131.911466226	2.19e-05
581330000	132.911520402	1.76e-05
581340000	133.908928142	2.19e-05
581350000	134.909160662	1.1e-05
581360000	135.907129256	3.48e-07
581370000	136.907762416	3.86e-07
581380000	137.905994180	5.36e-07
581390000	138.906647029	2.24e-06
581400000	139.905448433	1.41e-06
581410000	140.908285991	1.41e-06
581420000	141.909250208	2.62e-06
581430000	142.912391953	2.62e-06
581440000	143.913652763	3.04e-06
581450000	144.917265113	3.64e-05
581460000	145.918812294	1.57e-05
581470000	146.922689900	9.21e-06
581480000	147.924424186	1.2e-05
581490000	148.928426900	1.1e-05
581500000	149.930384032	1.26e-05
581510000	150.934272200	1.9e-05
581520000	151.936682	0.000215
581530000	152.941052	0.000215
581540000	153.943940	0.000215
581550000	154.948706	0.000322
581560000	155.951884	0.000322
581570000	156.957133	0.000429
581580000	157.960773	0.000429
581590000	158.966355	0.000537
591210000	120.955393	0.000537
591220000	121.951927	0.000537
591230000	122.946076	0.000429
591240000	123.942940	0.00043
591250000	124.937659	0.000322
591260000	125.935240	0.00021
591270000	126.930710	0.00021
591280000	127.928791000	3.2e-05
591290000	128.925095000	3.2e-05
591300000	129.923590000	6.9e-05
591310000	130.920234960	5.05e-05
591320000	131.919240000	3.1e-05
591330000	132.916330558	1.34e-05
591340000	133.915696729	2.18e-05
591350000	134.913111772	1.27e-05
591360000	135.912677470	1.23e-05
591370000	136.910679183	8.73e-06
591380000	137.910757495	1.07e-05
591390000	138.908932700	3.92e-06
591400000	139.909085600	6.59e-06
591410000	140.907659604	1.61e-06
591420000	141.910051640	1.61e-06
591430000	142.910822624	1.95e-06
591440000	143.913310682	2.91e-06
591450000	144.914517987	7.67e-06
591460000	145.917687630	3.69e-05
591470000	146.919007438	1.7e-05
591480000	147.922129992	1.61e-05
591490000	148.923736100	1.06e-05
591500000	149.926676391	9.68e-06
591510000	150.928309066	1.25e-05
591520000	151.931552900	1.99e-05
591530000	152.933903511	1.28e-05
591540000	153.937885165	0.000107
591550000	154.940509193	1.85e-05
591560000	155.944766900	1.1e-06
591570000	156.948003100	3.4e-06
591580000	157.952603	0.000322
591590000	158.956232	0.000429
591600000	159.961138	0.000429
591610000	160.965121	0.000537
601240000	123.951873	0.000537
601250000	124.948395	0.000429
601260000	125.942694	0.000322
601270000	126.939978	0.000322
601280000	127.935018	0.000215
601290000	128.933038	0.000217
601300000	129.928506000	3e-05
601310000	130.927248020	2.95e-05
601320000	131.923321237	2.6e-05
601330000	132.922348000	5e-05
601340000	133.918790207	1.27e-05
601350000	134.918181318	2.05e-05
601360000	135.914976061	1.27e-05
601370000	136.914563099	1.26e-05
601380000	137.911950938	1.25e-05
601390000	138.911951208	2.95e-05
601400000	139.909546130	3.5e-06
601410000	140.909616690	3.42e-06
601420000	141.907728824	1.35e-06
601430000	142.909819815	1.35e-06
601440000	143.910092798	1.35e-06
601450000	144.912579151	1.36e-06
601460000	145.913122459	1.37e-06
601470000	146.916105969	1.37e-06
601480000	147.916899027	2.2e-06
601490000	148.920154583	2.21e-06
601500000	149.920901322	1.21e-06
601510000	150.923839363	1.22e-06
601520000	151.924691242	2.63e-05
601530000	152.927717868	2.95e-06
601540000	153.929597404	1.1e-06
601550000	154.933135598	9.83e-06
601560000	155.935370358	1.4e-06
601570000	156.939351074	2.29e-06
601580000	157.942205620	1.4e-06
601590000	158.946619085	3.2e-05
601600000	159.949839172	5e-05
601610000	160.954664	0.000429
601620000	161.958121	0.000429
601630000	162.963414	0.000537
611260000	125.957327	0.000537
611270000	126.951358	0.000429
611280000	127.948234	0.000322
611290000	128.942909	0.000322
611300000	129.940451	0.000215
611310000	130.935834	0.000215
611320000	131.933840	0.00016
611330000	132.929782000	5.4e-05
611340000	133.928326000	4.5e-05
611350000	134.924785000	8.9e-05
611360000	135.923595949	7.42e-05
611370000	136.920479519	1.4e-05
611380000	137.919576119	1.25e-05
611390000	138.916799228	1.46e-05
611400000	139.916035918	2.6e-05
611410000	140.913555081	1.5e-05
611420000	141.912890982	2.53e-05
611430000	142.910938068	3.16e-06
611440000	143.912596208	3.13e-06
611450000	144.912755748	3.01e-06
611460000	145.914702240	4.59e-06
611470000	146.915144944	1.38e-06
611480000	147.917481091	6.11e-06
611490000	148.918341507	2.34e-06
611500000	149.920990014	2.15e-05
611510000	150.921216613	4.95e-06
611520000	151.923505185	2.78e-05
611530000	152.924156252	9.73e-06
611540000	153.926712791	2.69e-05
611550000	154.928136951	5.06e-06
611560000	155.931114059	1.27e-06
611570000	156.933121298	7.52e-06
611580000	157.936546948	9.53e-07
611590000	158.939286409	1.08e-05
611600000	159.943215272	2.2e-06
611610000	160.946229837	9.7e-06
611620000	161.950574	0.000322
611630000	162.953881	0.000429
611640000	163.958819	0.000429
611650000	164.962780	0.000537
621280000	127.957971	0.000537
621290000	128.954557	0.000537
621300000	129.948792	0.000429
621310000	130.946022	0.000429
621320000	131.940805	0.000322
621330000	132.938560	0.00032
621340000	133.934110	0.00021
621350000	134.932520000	0.000166
621360000	135.928275553	1.34e-05
621370000	136.927007959	3.07e-05
621380000	137.923243988	1.27e-05
621390000	138.922296631	1.17e-05
621400000	139.918994714	1.34e-05
621410000	140.918481545	9.16e-06
621420000	141.915209415	2e-06
621430000	142.914634848	2.95e-06
621440000	143.912006285	1.57e-06
621450000	144.913417157	1.59e-06
621460000	145.913046835	3.27e-06
621470000	146.914904401	1.35e-06
621480000	147.914829233	1.34e-06
621490000	148.917191211	1.24e-06
621500000	149.917281993	1.19e-06
621510000	150.919938859	1.19e-06
621520000	151.919738646	1.09e-06
621530000	152.922103576	1.1e-06
621540000	153.922215756	1.4e-06
621550000	154.924646645	1.43e-06
621560000	155.925538191	9.15e-06
621570000	156.928418598	4.76e-06
621580000	157.929949262	5.13e-06
621590000	158.933217130	6.37e-06
621600000	159.935337032	2.1e-06
621610000	160.939160062	7.32e-06
621620000	161.941621687	3.78e-06
621630000	162.945679085	7.9e-06
621640000	163.948550061	4.4e-06
621650000	164.953290	0.000429
621660000	165.956575	0.000429
621670000	166.962072	0.000537
621680000	167.966033	0.000322
631300000	129.964022	0.000578
631310000	130.957634	0.000429
631320000	131.954696	0.000429
631330000	132.949290	0.00032
631340000	133.946537	0.000322
631350000	134.941870	0.00021
631360000	135.939620	0.00021
631370000	136.935430719	4.7e-06
631380000	137.933709000	3e-05
631390000	138.929792307	1.41e-05
631400000	139.928087633	5.53e-05
631410000	140.924931734	1.36e-05
631420000	141.923446719	3.23e-05
631430000	142.920298678	1.18e-05
631440000	143.918819481	1.16e-05
631450000	144.916272659	3.28e-06
631460000	145.917210852	6.45e-06
631470000	146.916752440	2.76e-06
631480000	147.918091288	1.07e-05
631490000	148.917936875	4.19e-06
631500000	149.919707092	6.69e-06
631510000	150.919856606	1.25e-06
631520000	151.921750980	1.25e-06
631530000	152.921236789	1.26e-06
631540000	153.922985699	1.27e-06
631550000	154.922899847	1.34e-06
631560000	155.924762976	3.79e-06
631570000	156.925432556	4.54e-06
631580000	157.927782192	2.18e-06
631590000	158.929099512	4.64e-06
631600000	159.931836982	9.7e-07
631610000	160.933663991	1.12e-05
631620000	161.936958329	1.41e-06
631630000	162.939265510	9.7e-07
631640000	163.942852943	2.22e-06
631650000	164.945540070	5.6e-06
631660000	165.949813	0.000107
631670000	166.953011	0.000429
631680000	167.957863	0.000429
631690000	168.961717	0.000537
631700000	169.966870	0.000537
641330000	132.961288	0.000537
641340000	133.955416	0.000429
641350000	134.952496	0.000429
641360000	135.947300	0.00032
641370000	136.945020	0.00032
641380000	137.940247	0.000215
641390000	138.938130	0.00021
641400000	139.933674000	3e-05
641410000	140.932126000	2.12e-05
641420000	141.928116000	3e-05
641430000	142.926750678	0.000215
641440000	143.922963000	3e-05
641450000	144.921710051	2.12e-05
641460000	145.918318513	4.38e-06
641470000	146.919101014	2.02e-06
641480000	147.918121414	1.57e-06
641490000	148.919347666	3.55e-06
641500000	149.918663949	6.5e-06
641510000	150.920354922	3.21e-06
641520000	151.919798414	1.08e-06
641530000	152.921756945	1.07e-06
641540000	153.920872974	1.07e-06
641550000	154.922629356	1.05e-06
641560000	155.922130120	1.05e-06
641570000	156.923967424	1.05e-06
641580000	157.924111200	1.05e-06
641590000	158.926395822	1.05e-06
641600000	159.927061202	1.21e-06
641610000	160.929676267	1.61e-06
641620000	161.930991812	4.25e-06
641630000	162.934096640	8.55e-07
641640000	163.935916193	1.07e-06
641650000	164.939317080	1.4e-06
641660000	165.941630413	1.7e-06
641670000	166.945490012	5.6e-06
641680000	167.948309	0.000322
641690000	168.952882	0.000429
641700000	169.956146	0.000537
641710000	170.961127	0.000537
641720000	171.964605	0.000322
651350000	134.964516	0.000429
651360000	135.961460	0.000537
651370000	136.956020	0.00043
651380000	137.953193	0.000322
651390000	138.948330	0.00032
651400000	139.945805048	0.000859
651410000	140.941448000	0.000113
651420000	141.939280858	0.000752
651430000	142.935137332	5.5e-05
651440000	143.933045000	3e-05
651450000	144.928717001	0.000119
651460000	145.927252739	4.82e-05
651470000	146.924054620	8.69e-06
651480000	147.924275476	1.34e-05
651490000	148.923253792	3.89e-06
651500000	149.923664799	7.91e-06
651510000	150.923108970	4.39e-06
651520000	151.924081855	4.3e-05
651530000	152.923441694	4.24e-06
651540000	153.924683681	4.86e-05
651550000	154.923509511	1.06e-05
651560000	155.924754209	4.04e-06
651570000	156.924031888	1.09e-06
651580000	157.925419942	1.36e-06
651590000	158.925353707	1.18e-06
651600000	159.927174553	1.19e-06
651610000	160.927576806	1.31e-06
651620000	161.929275400	2.2e-06
651630000	162.930653609	4.36e-06
651640000	163.933327561	2e-06
651650000	164.934955198	1.65e-06
651660000	165.937939727	1.57e-06
651670000	166.940007046	2.07e-06
651680000	167.943337074	4.5e-06
651690000	168.945807	0.000322
651700000	169.949855	0.000322
651710000	170.953011	0.000429
651720000	171.957391	0.000537
651730000	172.960805	0.000537
651740000	173.965679	0.000537
661380000	137.962500	0.00054
661390000	138.959527	0.000537
661400000	139.954020	0.00043
661410000	140.951280	0.00032
661420000	141.946194	0.000782
661430000	142.943994332	1.4e-05
661440000	143.939269512	7.7e-06
661450000	144.937473992	7e-06
661460000	145.932844526	7.19e-06
661470000	146.931082712	9.5e-06
661480000	147.927149944	9.36e-06
661490000	148.927327516	9.86e-06
661500000	149.925593068	4.64e-06
661510000	150.926191279	3.49e-06
661520000	151.924725274	4.93e-06
661530000	152.925771729	4.29e-06
661540000	153.924428920	7.98e-06
661550000	154.925758049	1.04e-05
661560000	155.924283593	1.06e-06
661570000	156.925469555	5.53e-06
661580000	157.924414817	2.51e-06
661590000	158.925745938	1.54e-06
661600000	159.925203578	7.51e-07
661610000	160.926939425	7.48e-07
661620000	161.926804507	7.46e-07
661630000	162.928737221	7.44e-07
661640000	163.929180819	7.46e-07
661650000	164.931709402	7.48e-07
661660000	165.932812810	8.62e-07
661670000	166.935682415	4.3e-06
661680000	167.937134977	0.00015
661690000	168.940315231	0.000323
661700000	169.942340	0.000215
661710000	170.946312	0.000215
661720000	171.948728	0.000322
661730000	172.953043	0.000429
661740000	173.955845	0.000537
661750000	174.960569	0.000537
661760000	175.963918	0.000537
671400000	139.968526	0.000537
671410000	140.963108	0.00043
671420000	141.960010	0.00043
671430000	142.954860	0.00032
671440000	143.952109712	9.1e-06
671450000	144.947267392	8e-06
671460000	145.944993503	7.07e-06
671470000	146.940142293	5.37e-06
671480000	147.937743925	9e-05
671490000	148.933820457	1.29e-05
671500000	149.933498353	1.52e-05
671510000	150.931698176	8.91e-06
671520000	151.931717618	1.34e-05
671530000	152.930206671	5.44e-06
671540000	153.930606776	8.82e-06
671550000	154.929103363	1.88e-05
671560000	155.929641634	4.12e-05
671570000	156.928251974	2.52e-05
671580000	157.928944910	2.91e-05
671590000	158.927718683	3.27e-06
671600000	159.928735538	1.61e-05
671610000	160.927861815	2.31e-06
671620000	161.929102543	3.33e-06
671630000	162.928740260	7.44e-07
671640000	163.930240548	1.49e-06
671650000	164.930329116	8.44e-07
671660000	165.932291209	8.44e-07
671670000	166.933140254	5.57e-06
671680000	167.935523766	3.22e-05
671690000	168.936879890	2.15e-05
671700000	169.939626548	5.37e-05
671710000	170.941472713	0.000644
671720000	171.944730	0.00021
671730000	172.947020	0.00032
671740000	173.950757	0.000322
671750000	174.953516	0.000429
671760000	175.957713	0.000537
671770000	176.961052	0.000537
671780000	177.965507	0.000537
681420000	141.970016	0.000537
681430000	142.966548	0.000429
681440000	143.960700	0.00021
681450000	144.957874	0.000215
681460000	145.952418357	7.2e-06
681470000	146.949964456	4.1e-05
681480000	147.944735026	1.1e-05
681490000	148.942306000	3e-05
681500000	149.937915524	1.85e-05
681510000	150.937448567	1.77e-05
681520000	151.935050347	9.48e-06
681530000	152.935086350	9.97e-06
681540000	153.932790799	5.32e-06
681550000	154.933215710	6.52e-06
681560000	155.931065926	2.64e-05
681570000	156.931922652	2.85e-05
681580000	157.929893474	2.71e-05
681590000	158.930690790	3.91e-06
681600000	159.929077193	2.6e-05
681610000	160.930003530	9.42e-06
681620000	161.928787299	8.11e-07
681630000	162.930039908	4.97e-06
681640000	163.929207739	7.55e-07
681650000	164.930733482	9.85e-07
681660000	165.930301067	3.58e-07
681670000	166.932056192	3.06e-07
681680000	167.932378282	2.8e-07
681690000	168.934598444	3.26e-07
681700000	169.935471933	1.49e-06
681710000	170.938037372	1.51e-06
681720000	171.939363461	4.25e-06
681730000	172.942400	0.00021
681740000	173.944230	0.00032
681750000	174.947770	0.00043
681760000	175.949940	0.00043
681770000	176.953990	0.00054
681780000	177.956779	0.00064
681790000	178.961267	0.000537
681800000	179.964380	0.000537
691440000	143.976211	0.000429
691450000	144.970389	0.00021
691460000	145.966661	0.000215
691470000	146.961379887	7.34e-06
691480000	147.958384026	1.1e-05
691490000	148.952828	0.000215
691500000	149.950090	0.00021
691510000	150.945494433	2.08e-05
691520000	151.944476000	5.8e-05
691530000	152.942058023	1.29e-05
691540000	153.941570062	1.55e-05
691550000	154.939209576	1.07e-05
691560000	155.938985746	1.53e-05
691570000	156.936973000	3e-05
691580000	157.936979525	2.71e-05
691590000	158.934975000	3e-05
691600000	159.935264177	3.51e-05
691610000	160.933549000	3e-05
691620000	161.934001211	2.8e-05
691630000	162.932658282	5.92e-06
691640000	163.933538019	2.68e-05
691650000	164.932441843	1.78e-06
691660000	165.933562136	1.24e-05
691670000	166.932857206	1.35e-06
691680000	167.934178457	1.8e-06
691690000	168.934218956	7.92e-07
691700000	169.935807093	7.85e-07
691710000	170.936435162	1.04e-06
691720000	171.938406959	5.88e-06
691730000	172.939606630	4.72e-06
691740000	173.942174061	4.8e-05
691750000	174.943842310	5.37e-05
691760000	175.946997707	0.000107
691770000	176.948932	0.000215
691780000	177.952506	0.000322
691790000	178.955018	0.000429
691800000	179.959023	0.000429
691810000	180.961954	0.000537
691820000	181.966194	0.000537
701480000	147.967547	0.000429
701490000	148.964219	0.000322
701500000	149.958314	0.000322
701510000	150.955402453	0.000323
701520000	151.950326699	0.000161
701530000	152.949372	0.000215
701540000	153.946395696	1.86e-05
701550000	154.945783216	1.78e-05
701560000	155.942817096	9.99e-06
701570000	156.942651368	1.17e-05
701580000	157.939871202	8.56e-06
701590000	158.940060257	1.89e-05
701600000	159.937559210	5.9e-06
701610000	160.937912384	1.62e-05
701620000	161.935779342	1.62e-05
701630000	162.936345406	1.62e-05
701640000	163.934500743	1.62e-05
701650000	164.935270241	2.85e-05
701660000	165.933876439	7.51e-06
701670000	166.934954069	4.25e-06
701680000	167.933891297	1e-07
701690000	168.935184208	1.91e-07
701700000	169.934767242	1.1e-08
701710000	170.936331515	1.3e-08
701720000	171.936386654	1.4e-08
701730000	172.938216211	1.2e-08
701740000	173.938867545	1.1e-08
701750000	174.941281907	7.6e-08
701760000	175.942574706	1.5e-08
701770000	176.945263846	2.36e-07
701780000	177.946669400	7.07e-06
701790000	178.949930	0.000215
701800000	179.951991	0.000322
701810000	180.955890	0.00032
701820000	181.958239	0.000429
701830000	182.962426	0.000429
701840000	183.965002	0.00054
701850000	184.969425	0.000537
711500000	149.973407	0.000322
711510000	150.967471	0.000322
711520000	151.964120	0.00021
711530000	152.958802248	0.000161
711540000	153.957416	0.000216
711550000	154.954326005	2.07e-05
711560000	155.953086606	5.81e-05
711570000	156.950144807	1.3e-05
711580000	157.949315620	1.62e-05
711590000	158.946635615	4.04e-05
711600000	159.946033000	6.1e-05
711610000	160.943572000	3e-05
711620000	161.943282776	8.06e-05
711630000	162.941179000	3e-05
711640000	163.941339000	3e-05
711650000	164.939406758	2.85e-05
711660000	165.939859000	3.2e-05
711670000	166.938243000	4e-05
711680000	167.938729798	4.08e-05
711690000	168.937645845	3.23e-06
711700000	169.938479230	1.81e-05
711710000	170.937918591	2e-06
711720000	171.939091320	2.51e-06
711730000	172.938935722	1.68e-06
711740000	173.940342840	1.68e-06
711750000	174.940777211	1.29e-06
711760000	175.942691711	1.3e-06
711770000	176.943763570	1.31e-06
711780000	177.945960065	2.42e-06
711790000	178.947332985	5.53e-06
711800000	179.949890744	7.59e-05
711810000	180.951908000	0.000135
711820000	181.955158	0.000215
711830000	182.957363000	8.6e-05
711840000	183.961030	0.000215
711850000	184.963542	0.000322
711860000	185.967450	0.000429
711870000	186.970188	0.000429
711880000	187.974428	0.000429
721530000	152.970692	0.000322
721540000	153.964863	0.000322
721550000	154.963167	0.000322
721560000	155.959399083	0.000161
721570000	156.958288	0.000215
721580000	157.954801217	1.88e-05
721590000	158.953995837	1.8e-05
721600000	159.950682728	1.02e-05
721610000	160.950277927	2.52e-05
721620000	161.947215526	9.61e-06
721630000	162.947107211	2.76e-05
721640000	163.944370709	1.7e-05
721650000	164.944567000	3e-05
721660000	165.942180000	3e-05
721670000	166.942600000	3e-05
721680000	167.940568000	3e-05
721690000	168.941259000	3e-05
721700000	169.939609000	3e-05
721710000	170.940492000	3.1e-05
721720000	171.939449716	2.62e-05
721730000	172.940513000	3e-05
721740000	173.940048377	2.42e-06
721750000	174.941511424	2.45e-06
721760000	175.941409797	1.59e-06
721770000	176.943230187	1.51e-06
721780000	177.943708322	1.52e-06
721790000	178.945825705	1.52e-06
721800000	179.946559537	1.52e-06
721810000	180.949110834	1.53e-06
721820000	181.950563684	6.62e-06
721830000	182.953533203	3.23e-05
721840000	183.955448507	4.26e-05
721850000	184.958862000	6.9e-05
721860000	185.960897000	5.5e-05
721870000	186.964573	0.000215
721880000	187.966903	0.000322
721890000	188.970853	0.000322
721900000	189.973376	0.000429
731550000	154.974248	0.000322
731560000	155.972087	0.000322
731570000	156.968227445	0.000161
731580000	157.966593	0.000215
731590000	158.963028046	2.11e-05
731600000	159.961541678	5.83e-05
731610000	160.958369489	2.62e-05
731620000	161.957292907	6.8e-05
731630000	162.954337194	4.09e-05
731640000	163.953534000	3e-05
731650000	164.950780287	1.46e-05
731660000	165.950512000	3e-05
731670000	166.948093000	3e-05
731680000	167.948047000	3e-05
731690000	168.946011000	3e-05
731700000	169.946175000	3e-05
731710000	170.944476000	3e-05
731720000	171.944895000	3e-05
731730000	172.943750000	3e-05
731740000	173.944454000	3e-05
731750000	174.943737000	3e-05
731760000	175.944857000	3.3e-05
731770000	176.944481940	3.56e-06
731780000	177.945680	5.6e-05
731790000	178.945939050	1.57e-06
731800000	179.947467589	2.22e-06
731810000	180.947998528	1.69e-06
731820000	181.950154612	1.69e-06
731830000	182.951375380	1.71e-06
731840000	183.954009958	2.79e-05
731850000	184.955561317	1.52e-05
731860000	185.958553036	6.44e-05
731870000	186.960391000	6e-05
731880000	187.963596	0.000215
731890000	188.965690	0.000215
731900000	189.969168	0.000215
731910000	190.971530	0.000322
731920000	191.975201	0.000429
731930000	192.977660	0.000429
731940000	193.981610	0.000537
741570000	156.978862	0.000429
741580000	157.974565	0.000322
741590000	158.972696	0.000322
741600000	159.968513946	0.000161
741610000	160.967249	0.000215
741620000	161.963500341	1.9e-05
741630000	162.962524251	6.27e-05
741640000	163.958952445	1.04e-05
741650000	164.958280663	2.76e-05
741660000	165.955031952	1.02e-05
741670000	166.954811080	2.01e-05
741680000	167.951805459	1.42e-05
741690000	168.951778689	1.66e-05
741700000	169.949231235	1.42e-05
741710000	170.949451000	3e-05
741720000	171.947292000	3e-05
741730000	172.947689000	3e-05
741740000	173.946079000	3e-05
741750000	174.946717000	3e-05
741760000	175.945634000	3e-05
741770000	176.946643000	3e-05
741780000	177.945885791	1.63e-05
741790000	178.947079378	1.56e-05
741800000	179.946713304	1.54e-06
741810000	180.948218733	1.55e-06
741820000	181.948205636	7.99e-07
741830000	182.950224416	7.98e-07
741840000	183.950933180	7.92e-07
741850000	184.953421206	7.93e-07
741860000	185.954365140	1.3e-06
741870000	186.957161249	1.3e-06
741880000	187.958488325	3.32e-06
741890000	188.961557	0.000215
741900000	189.963103542	3.8e-05
741910000	190.966531000	4.5e-05
741920000	191.968202	0.000215
741930000	192.971884	0.000215
741940000	193.973795	0.000322
741950000	194.977735	0.000322
741960000	195.979882	0.000429
741970000	196.984036	0.000429
751590000	158.984106	0.000327
751600000	159.981880	0.000322
751610000	160.977624313	0.000161
751620000	161.975896	0.000215
751630000	162.972085434	1.99e-05
751640000	163.970507122	5.86e-05
751650000	164.967085831	2.53e-05
751660000	165.965821216	9.47e-05
751670000	166.962604	4.3e-05
751680000	167.961572607	3.31e-05
751690000	168.958765979	1.22e-05
751700000	169.958234844	1.23e-05
751710000	170.955716000	3e-05
751720000	171.955376165	3.82e-05
751730000	172.953243000	3e-05
751740000	173.953115000	3e-05
751750000	174.951381000	3e-05
751760000	175.951623000	3e-05
751770000	176.950328000	3e-05
751780000	177.950989000	3e-05
751790000	178.949989686	2.64e-05
751800000	179.950791568	2.3e-05
751810000	180.950061507	1.35e-05
751820000	181.951211560	0.000109
751830000	182.950821306	8.62e-06
751840000	183.952528073	4.59e-06
751850000	184.952958320	8.79e-07
751860000	185.954989172	8.8e-07
751870000	186.955752217	7.91e-07
751880000	187.958113658	7.92e-07
751890000	188.959227764	8.79e-06
751900000	189.961800064	5.23e-06
751910000	190.963123322	1.1e-05
751920000	191.966088000	7.6e-05
751930000	192.967545000	4.2e-05
751940000	193.970735	0.000215
751950000	194.972560	0.000322
751960000	195.975996	0.000322
751970000	196.978153	0.000322
751980000	197.981760	0.000429
751990000	198.984187	0.000429
761610000	160.989054	0.000429
761620000	161.984434	0.000322
761630000	162.982462	0.000322
761640000	163.978073158	0.000161
761650000	164.976654	0.000215
761660000	165.972698135	1.93e-05
761670000	166.971552304	8.68e-05
761680000	167.967799050	1.06e-05
761690000	168.967017521	2.78e-05
761700000	169.963579273	1.05e-05
761710000	170.963180402	1.96e-05
761720000	171.960017309	1.37e-05
761730000	172.959808387	1.61e-05
761740000	173.957063192	1.1e-05
761750000	174.956945126	1.26e-05
761760000	175.954770315	1.18e-05
761770000	176.954957902	1.57e-05
761780000	177.953253334	1.46e-05
761790000	178.953815985	1.66e-05
761800000	179.952381665	1.69e-05
761810000	180.953247188	2.72e-05
761820000	181.952110154	2.33e-05
761830000	182.953125028	5.34e-05
761840000	183.952492919	8.9e-07
761850000	184.954045969	8.93e-07
761860000	185.953837569	8.16e-07
761870000	186.955749569	7.91e-07
761880000	187.955837292	7.88e-07
761890000	188.958145949	7.15e-07
761900000	189.958445442	6.97e-07
761910000	190.960928105	7.07e-07
761920000	191.961478765	2.48e-06
761930000	192.964149637	2.49e-06
761940000	193.965179407	2.58e-06
761950000	194.968318000	6e-05
761960000	195.969643261	4.3e-05
761970000	196.973076	0.000215
761980000	197.974664	0.000215
761990000	198.978239	0.000215
762000000	199.980086	0.000322
762010000	200.984069	0.000322
762020000	201.986548	0.000429
762030000	202.992195	0.000429
771630000	162.994299	0.000429
771640000	163.991966	0.000339
771650000	164.987552	0.00017
771660000	165.985716	0.000215
771670000	166.981671973	1.97e-05
771680000	167.979960978	5.93e-05
771690000	168.976281743	2.5e-05
771700000	169.975113	0.000109
771710000	170.971645520	4.13e-05
771720000	171.970607035	3.48e-05
771730000	172.967505477	1.13e-05
771740000	173.966949939	1.2e-05
771750000	174.964149519	1.33e-05
771760000	175.963626261	8.68e-06
771770000	176.961301500	2.12e-05
771780000	177.961079395	2.02e-05
771790000	178.959117594	1.05e-05
771800000	179.959229446	2.33e-05
771810000	180.957634691	5.63e-06
771820000	181.958076296	2.25e-05
771830000	182.956841231	2.65e-05
771840000	183.957476000	3e-05
771850000	184.956698000	3e-05
771860000	185.957946754	1.77e-05
771870000	186.957542000	3e-05
771880000	187.958834999	1.01e-05
771890000	188.958722602	1.35e-05
771900000	189.960543374	1.47e-06
771910000	190.960591455	1.41e-06
771920000	191.962602414	1.41e-06
771930000	192.962923753	1.42e-06
771940000	193.965075703	1.43e-06
771950000	194.965976898	1.43e-06
771960000	195.968399669	4.12e-05
771970000	196.969657217	2.16e-05
771980000	197.972399	0.000215
771990000	198.973807097	4.41e-05
772000000	199.976844	0.00021
772010000	200.978701	0.000215
772020000	201.982136	0.000322
772030000	202.984573	0.000429
772040000	203.989726	0.000429
772050000	204.993988	0.000537
781650000	164.999658	0.000429
781660000	165.994866	0.000322
781670000	166.992750	0.000329
781680000	167.988180196	0.000161
781690000	168.986619	0.000215
781700000	169.982502087	1.96e-05
781710000	170.981248868	8.69e-05
781720000	171.977341059	1.11e-05
781730000	172.976449922	6.81e-05
781740000	173.972820431	1.11e-05
781750000	174.972400593	2e-05
781760000	175.968938162	1.36e-05
781770000	176.968469541	1.61e-05
781780000	177.965649288	1.09e-05
781790000	178.965358742	8.56e-06
781800000	179.963038010	1.08e-05
781810000	180.963089946	1.47e-05
781820000	181.961171605	1.41e-05
781830000	182.961595895	1.53e-05
781840000	183.959921929	1.58e-05
781850000	184.960613659	2.77e-05
781860000	185.959350845	2.33e-05
781870000	186.960616646	2.58e-05
781880000	187.959397521	5.69e-06
781890000	188.960848485	1.08e-05
781900000	189.959949823	7.05e-07
781910000	190.961676261	4.43e-06
781920000	191.961042667	2.76e-06
781930000	192.962984546	1.46e-06
781940000	193.962683498	5.32e-07
781950000	194.964794325	5.4e-07
781960000	195.964954648	5.47e-07
781970000	196.967343030	5.75e-07
781980000	197.967896718	2.25e-06
781990000	198.970597022	2.32e-06
782000000	199.971444609	2.16e-05
782010000	200.974513305	5.38e-05
782020000	201.975639000	2.7e-05
782030000	202.979055	0.000215
782040000	203.981084	0.000215
782050000	204.986237	0.000322
782060000	205.990080	0.000322
782070000	206.995556	0.000429
782080000	207.999463	0.000429
791680000	168.002716	0.000429
791690000	168.998080	0.00032
791700000	169.996024	0.000216
791710000	170.991881533	2.22e-05
791720000	171.989996704	6.03e-05
791730000	172.986224263	2.45e-05
791740000	173.984908	0.000109
791750000	174.981316375	4.14e-05
791760000	175.980116925	3.56e-05
791770000	176.976869701	1.07e-05
791780000	177.976056714	1.1e-05
791790000	178.973173666	1.26e-05
791800000	179.972489738	5.11e-06
791810000	180.970079102	2.14e-05
791820000	181.969614433	2.01e-05
791830000	182.967588106	1.01e-05
791840000	183.967451523	2.39e-05
791850000	184.965798871	2.8e-06
791860000	185.965952703	2.25e-05
791870000	186.964542147	2.42e-05
791880000	187.965247966	2.9e-06
791890000	188.963948286	2.16e-05
791900000	189.964751746	3.7e-06
791910000	190.963716452	5.29e-06
791920000	191.964817615	1.7e-05
791930000	192.964138442	9.31e-06
791940000	193.965419051	2.27e-06
791950000	194.965037823	1.2e-06
791960000	195.966571213	3.18e-06
791970000	196.966570103	5.81e-07
791980000	197.968243714	5.79e-07
791990000	198.968766573	5.81e-07
792000000	199.970756558	2.87e-05
792010000	200.971657678	3.45e-06
792020000	201.973856000	2.5e-05
792030000	202.975154492	3.31e-06
792040000	203.978110	0.000215
792050000	204.980064	0.000215
792060000	205.984766	0.000322
792070000	206.988577	0.000322
792080000	207.993655	0.000322
792090000	208.997606	0.000429
792100000	210.002877	0.000429
801700000	170.005814	0.000324
801710000	171.003585	0.000329
801720000	171.998860581	0.000161
801730000	172.997143	0.000215
801740000	173.992870575	2.06e-05
801750000	174.991444451	8.7e-05
801760000	175.987348670	1.19e-05
801770000	176.986284590	9.1e-05
801780000	177.982484756	1.15e-05
801790000	178.981821759	3.02e-05
801800000	179.978260180	1.36e-05
801810000	180.977819368	1.65e-05
801820000	181.974689173	1.05e-05
801830000	182.974444652	7.6e-06
801840000	183.971717709	1.02e-05
801850000	184.971890696	1.46e-05
801860000	185.969362061	1.25e-05
801870000	186.969813540	1.38e-05
801880000	187.967580738	7.28e-06
801890000	188.968194776	3.39e-05
801900000	189.966322250	1.71e-05
801910000	190.967158301	2.39e-05
801920000	191.965634263	1.67e-05
801930000	192.966653395	1.66e-05
801940000	193.965449108	3.1e-06
801950000	194.966705809	2.48e-05
801960000	195.965833445	3.16e-06
801970000	196.967213715	3.44e-06
801980000	197.966769177	4.91e-07
801990000	198.968280994	5.64e-07
802000000	199.968326941	5.68e-07
802010000	200.970303054	7.63e-07
802020000	201.970643604	7.57e-07
802030000	202.972872396	1.75e-06
802040000	203.973494037	5.34e-07
802050000	204.976073151	3.92e-06
802060000	205.977513837	2.19e-05
802070000	206.982300000	3.2e-05
802080000	207.985759000	3.3e-05
802090000	208.990757	0.000161
802100000	209.994310	0.000215
802110000	210.999581	0.000215
802120000	212.003242	0.000322
802130000	213.008803	0.000322
802140000	214.012636	0.000429
802150000	215.018368	0.000429
802160000	216.022459	0.000429
811760000	176.000627731	8.92e-05
811770000	176.996414252	2.32e-05
811780000	177.995047	0.00011
811790000	178.991122185	4.15e-05
811800000	179.989918950	7.51e-05
811810000	180.986259978	9.77e-06
811820000	181.985692649	1.29e-05
811830000	182.982192843	1e-05
811840000	183.981874973	1.07e-05
811850000	184.978789189	2.22e-05
811860000	185.978654787	2.23e-05
811870000	186.975904740	8.64e-06
811880000	187.976020886	3.21e-05
811890000	188.973573525	8.98e-06
811900000	189.973841771	7.78e-06
811910000	190.971784093	7.89e-06
811920000	191.972225000	3.4e-05
811930000	192.970501994	7.2e-06
811940000	193.971081408	1.5e-05
811950000	194.969774052	1.19e-05
811960000	195.970481189	1.3e-05
811970000	196.969560492	1.46e-05
811980000	197.970446669	8.1e-06
811990000	198.969877000	3e-05
812000000	199.970963608	6.18e-06
812010000	200.970820235	1.52e-05
812020000	201.972108874	1.97e-06
812030000	202.972344098	1.26e-06
812040000	203.973863420	1.24e-06
812050000	204.974427318	1.33e-06
812060000	205.976110108	1.38e-06
812070000	206.977418605	5.84e-06
812080000	207.982018006	1.99e-06
812090000	208.985351713	6.56e-06
812100000	209.990072942	1.25e-05
812110000	210.993475000	4.5e-05
812120000	211.998335	0.000215
812130000	213.001915000	2.9e-05
812140000	214.006940	0.00021
812150000	215.010768	0.000322
812160000	216.015964	0.000322
812170000	217.020032	0.000429
812180000	218.025454	0.000429
821780000	178.003836171	2.49e-05
821790000	179.002202492	8.72e-05
821800000	179.997916177	1.33e-05
821810000	180.996660600	9.13e-05
821820000	181.992673537	1.3e-05
821830000	182.991862527	3.11e-05
821840000	183.988135634	1.37e-05
821850000	184.987610000	1.74e-05
821860000	185.984239409	1.18e-05
821870000	186.983910842	5.47e-06
821880000	187.980879079	1.09e-05
821890000	188.980843658	1.51e-05
821900000	189.978081872	1.34e-05
821910000	190.978216455	7.1e-06
821920000	191.975789598	6.15e-06
821930000	192.976135914	1.1e-05
821940000	193.974011788	1.87e-05
821950000	194.974516167	5.46e-06
821960000	195.972787552	8.28e-06
821970000	196.973434737	5.16e-06
821980000	197.972015450	9.39e-06
821990000	198.972912620	7.32e-06
822000000	199.971818546	1.07e-05
822010000	200.972870431	1.48e-05
822020000	201.972151613	4.07e-06
822030000	202.973390617	7.04e-06
822040000	203.973043506	1.23e-06
822050000	204.974481682	1.23e-06
822060000	205.974465210	1.23e-06
822070000	206.975896821	1.23e-06
822080000	207.976652005	1.23e-06
822090000	208.981089978	1.87e-06
822100000	209.984188381	1.55e-06
822110000	210.988735288	2.43e-06
822120000	211.991895891	1.98e-06
822130000	212.996560796	7.46e-06
822140000	213.999803521	2.11e-06
822150000	215.004661591	5.66e-05
822160000	216.008062	0.000215
822170000	217.013162	0.000322
822180000	218.016779	0.000322
822190000	219.022136	0.000429
822200000	220.025905	0.000429
831840000	184.001347	0.000131
831850000	184.997600	8.7e-05
831860000	185.996623169	1.82e-05
831870000	186.993147272	1.07e-05
831880000	187.992276064	1.2e-05
831890000	188.989195139	2.24e-05
831900000	189.988624828	2.25e-05
831910000	190.985786972	8.04e-06
831920000	191.985470077	3.23e-05
831930000	192.982947220	8.13e-06
831940000	193.982798581	5.64e-06
831950000	194.980648759	5.67e-06
831960000	195.980666509	2.62e-05
831970000	196.978864927	8.95e-06
831980000	197.979201316	2.96e-05
831990000	198.977672841	1.14e-05
832000000	199.978131290	2.44e-05
832010000	200.976995017	1.31e-05
832020000	201.977723042	1.5e-05
832030000	202.976892077	1.37e-05
832040000	203.977835687	9.85e-06
832050000	204.977385182	5.16e-06
832060000	205.978498843	8.19e-06
832070000	206.978470551	2.57e-06
832080000	207.979742060	2.47e-06
832090000	208.980398599	1.46e-06
832100000	209.984120237	1.46e-06
832110000	210.987268715	5.84e-06
832120000	211.991285030	1.99e-06
832130000	212.994383570	5.45e-06
832140000	213.998710909	1.2e-05
832150000	215.001749095	6.04e-06
832160000	216.006305985	1.2e-05
832170000	217.009372000	1.9e-05
832180000	218.014188000	2.9e-05
832190000	219.017520	0.000215
832200000	220.022501	0.000322
832210000	221.025980	0.000322
832220000	222.031079	0.000322
832230000	223.034611	0.000429
832240000	224.039796	0.000429
841860000	186.004403174	1.96e-05
841870000	187.003031482	3.5e-05
841880000	187.999415586	2.14e-05
841890000	188.998473425	2.37e-05
841900000	189.995101731	1.41e-05
841910000	190.994558494	7.62e-06
841920000	191.991340274	1.14e-05
841930000	192.991062421	1.56e-05
841940000	193.988186058	1.39e-05
841950000	194.988065781	6.49e-06
841960000	195.985540722	5.78e-06
841970000	196.985621939	1.06e-05
841980000	197.983388753	1.87e-05
841990000	198.983640445	5.83e-06
842000000	199.981812355	8.14e-06
842010000	200.982263799	5.3e-06
842020000	201.980738934	9.31e-06
842030000	202.981416072	4.98e-06
842040000	203.980310078	1.08e-05
842050000	204.981190006	1.08e-05
842060000	205.980473662	4.31e-06
842070000	206.981593334	7.15e-06
842080000	207.981246035	1.79e-06
842090000	208.982430361	1.91e-06
842100000	209.982873686	1.23e-06
842110000	210.986653171	1.35e-06
842120000	211.988867982	1.24e-06
842130000	212.992857154	3.28e-06
842140000	213.995201287	1.56e-06
842150000	214.999418385	2.28e-06
842160000	216.001913416	1.95e-06
842170000	217.006316145	7.02e-06
842180000	218.008971234	2.11e-06
842190000	219.013614000	1.7e-05
842200000	220.016386000	1.9e-05
842210000	221.021228000	2.1e-05
842220000	222.024140000	4.3e-05
842230000	223.029070	0.00021
842240000	224.032110	0.00021
842250000	225.037123	0.000322
842260000	226.040310	0.00043
842270000	227.045390	0.00043
851910000	191.004148081	1.73e-05
851920000	192.003140912	2.99e-05
851930000	192.999927725	2.32e-05
851940000	193.999230816	2.52e-05
851950000	194.996274480	1.03e-05
851960000	195.995799034	3.25e-05
851970000	196.993177353	8.57e-06
851980000	197.992797864	5.26e-06
851990000	198.990527715	5.78e-06
852000000	199.990351099	2.63e-05
852010000	200.988417058	8.79e-06
852020000	201.988625686	2.96e-05
852030000	202.986942904	1.14e-05
852040000	203.987251393	2.43e-05
852050000	204.986060546	1.29e-05
852060000	205.986645768	1.45e-05
852070000	206.985799715	1.33e-05
852080000	207.986613011	9.58e-06
852090000	208.986168701	5.09e-06
852100000	209.987147423	8.26e-06
852110000	210.987496226	2.93e-06
852120000	211.990737301	2.56e-06
852130000	212.992936593	5.26e-06
852140000	213.996372331	4.27e-06
852150000	214.998651002	7.12e-06
852160000	216.002422643	3.84e-06
852170000	217.004717794	5.37e-06
852180000	218.008695941	1.23e-05
852190000	219.011160587	3.47e-06
852200000	220.015433000	1.5e-05
852210000	221.018017000	1.5e-05
852220000	222.022494000	1.7e-05
852230000	223.025151000	1.5e-05
852240000	224.029749000	2.4e-05
852250000	225.032528	0.000322
852260000	226.037209	0.000322
852270000	227.040183	0.000322
852280000	228.044960	0.000429
852290000	229.048191	0.000429
861930000	193.009707973	2.7e-05
861940000	194.006145636	1.79e-05
861950000	195.005421703	5.55e-05
861960000	196.002120431	1.51e-05
861970000	197.001621446	1.74e-05
861980000	197.998679197	1.44e-05
861990000	198.998325436	7.83e-06
862000000	199.995705335	6.22e-06
862010000	200.995590511	1.09e-05
862020000	201.993263982	1.88e-05
862030000	202.993361155	6.24e-06
862040000	203.991443729	7.99e-06
862050000	204.991723228	5.45e-06
862060000	205.990195409	9.22e-06
862070000	206.990730224	5.09e-06
862080000	207.989634513	1.09e-05
862090000	208.990401389	1.07e-05
862100000	209.989688862	4.89e-06
862110000	210.990600767	7.31e-06
862120000	211.990703946	3.34e-06
862130000	212.993885147	3.62e-06
862140000	213.995362650	9.86e-06
862150000	214.998745037	6.54e-06
862160000	216.000271942	6.19e-06
862170000	217.003927632	4.51e-06
862180000	218.005601123	2.49e-06
862190000	219.009478683	2.25e-06
862200000	220.011392443	1.95e-06
862210000	221.015535637	6.13e-06
862220000	222.017576017	2.09e-06
862230000	223.021889283	8.4e-06
862240000	224.024095803	1.05e-05
862250000	225.028485572	1.2e-05
862260000	226.030861380	1.12e-05
862270000	227.035304393	1.51e-05
862280000	228.037835415	1.9e-05
862290000	229.042257272	1.4e-05
862300000	230.045271	0.000215
862310000	231.049973	0.000322
871970000	197.011008086	6.06e-05
871980000	198.010282081	3.34e-05
871990000	199.007269384	1.47e-05
872000000	200.006584666	3.28e-05
872010000	201.003852491	9.75e-06
872020000	202.003329637	6.48e-06
872030000	203.000940867	6.69e-06
872040000	204.000651972	2.64e-05
872050000	204.998593854	8.4e-06
872060000	205.998661441	2.99e-05
872070000	206.996941450	1.88e-05
872080000	207.997139082	1.25e-05
872090000	208.995939701	1.23e-05
872100000	209.996410596	1.44e-05
872110000	210.995555189	1.29e-05
872120000	211.996225420	9.42e-06
872130000	212.996184410	5.05e-06
872140000	213.998971193	9.14e-06
872150000	215.000341534	7.58e-06
872160000	216.003189523	4.48e-06
872170000	217.004631980	7.01e-06
872180000	218.007578620	4.55e-06
872190000	219.009250664	7.38e-06
872200000	220.012326789	4.32e-06
872210000	221.014253714	5.24e-06
872220000	222.017582615	8e-06
872230000	223.019734241	2.07e-06
872240000	224.023348096	1.2e-05
872250000	225.025572466	1.28e-05
872260000	226.029544512	6.69e-06
872270000	227.031865413	6.33e-06
872280000	228.035839433	7.23e-06
872290000	229.038291443	5.37e-06
872300000	230.042390787	7.02e-06
872310000	231.045175353	8.3e-06
872320000	232.049461219	1.5e-05
872330000	233.052517833	2.1e-05
882010000	201.012814699	2.18e-05
882020000	202.009742305	1.61e-05
882030000	203.009233907	1.04e-05
882040000	204.006506855	9.58e-06
882050000	205.006230692	2.44e-05
882060000	206.003827842	1.93e-05
882070000	207.003772420	6.26e-05
882080000	208.001855012	9.69e-06
882090000	209.001994902	6.17e-06
882100000	210.000475406	9.87e-06
882110000	211.000893049	5.33e-06
882120000	211.999786619	1.1e-05
882130000	213.000370971	1.05e-05
882140000	214.000099560	5.64e-06
882150000	215.002718208	7.73e-06
882160000	216.003533534	8.59e-06
882170000	217.006322676	7.56e-06
882180000	218.007134297	1.05e-05
882190000	219.010084715	7.32e-06
882200000	220.011027542	8.15e-06
882210000	221.013917293	4.97e-06
882220000	222.015373371	4.78e-06
882230000	223.018500648	2.24e-06
882240000	224.020210361	1.94e-06
882250000	225.023610502	2.79e-06
882260000	226.025408186	2.07e-06
882270000	227.029176205	2.09e-06
882280000	228.031068574	2.14e-06
882290000	229.034956703	1.66e-05
882300000	230.037054776	1.11e-05
882310000	231.041027085	1.22e-05
882320000	232.043475267	9.82e-06
882330000	233.047594570	9.23e-06
882340000	234.050382100	9e-06
882350000	235.054890	0.000322
892050000	205.015144152	6.37e-05
892060000	206.014476477	6.99e-05
892070000	207.011965967	6.04e-05
892080000	208.011552251	6.92e-05
892090000	209.009495375	6e-05
892100000	210.009408625	6.68e-05
892110000	211.007668846	5.77e-05
892120000	212.007836442	2.35e-05
892130000	213.006592665	1.25e-05
892140000	214.006906400	1.45e-05
892150000	215.006474061	1.33e-05
892160000	216.008749101	9.91e-06
892170000	217.009342325	1.2e-05
892180000	218.011648860	6.19e-05
892190000	219.012420425	5.53e-05
892200000	220.014754527	6.58e-06
892210000	221.015599721	6.11e-05
892220000	222.017844232	5.04e-06
892230000	223.019135982	7.46e-06
892240000	224.021722249	4.39e-06
892250000	225.023228601	5.11e-06
892260000	226.026096999	3.33e-06
892270000	227.027750594	2.07e-06
892280000	228.031019685	2.25e-06
892290000	229.032947000	1.3e-05
892300000	230.036327000	1.7e-05
892310000	231.038393000	1.4e-05
892320000	232.042034000	1.4e-05
892330000	233.044346000	1.4e-05
892340000	234.048139000	1.5e-05
892350000	235.050840000	1.5e-05
892360000	236.054988000	4.1e-05
892370000	237.057993	0.000429
902080000	208.017915348	3.42e-05
902090000	209.017601	0.000111
902100000	210.015093515	2.03e-05
902110000	211.014896923	9.24e-05
902120000	212.013001570	1.09e-05
902130000	213.013011470	9.89e-06
902140000	214.011481480	1.14e-05
902150000	215.011724640	6.8e-06
902160000	216.011055933	1.19e-05
902170000	217.013103443	1.14e-05
902180000	218.013276248	1.13e-05
902190000	219.015526432	6.06e-05
902200000	220.015769866	1.47e-05
902210000	221.018185757	8.58e-06
902220000	222.018468220	1.1e-05
902230000	223.020811083	8.53e-06
902240000	224.021466137	1.03e-05
902250000	225.023950975	5.47e-06
902260000	226.024903699	4.81e-06
902270000	227.027702546	2.24e-06
902280000	228.028739741	1.94e-06
902290000	229.031761357	2.58e-06
902300000	230.033132267	1.3e-06
902310000	231.036302764	1.31e-06
902320000	232.038053606	1.52e-06
902330000	233.041580126	1.53e-06
902340000	234.043599801	2.78e-06
902350000	235.047255000	1.4e-05
902360000	236.049657000	1.5e-05
902370000	237.053629000	1.7e-05
902380000	238.056388	0.000304
902390000	239.060655	0.000429
912110000	211.023674036	7.46e-05
912120000	212.023184819	9.4e-05
912130000	213.021099644	6.14e-05
912140000	214.020891055	8.72e-05
912150000	215.019113955	8.85e-05
912160000	216.019134633	2.65e-05
912170000	217.018309024	1.34e-05
912180000	218.020021133	1.92e-05
912190000	219.019949909	7.48e-05
912200000	220.021769753	1.57e-05
912210000	221.021873393	6.37e-05
912220000	222.023687064	9.3e-05
912230000	223.023980414	8.12e-05
912240000	224.025617286	8.14e-06
912250000	225.026147927	8.79e-05
912260000	226.027948217	1.2e-05
912270000	227.028803586	7.8e-06
912280000	228.031050758	4.66e-06
912290000	229.032095585	3.52e-06
912300000	230.034539717	3.26e-06
912310000	231.035882500	1.9e-06
912320000	232.038590205	8.21e-06
912330000	233.040246535	1.43e-06
912340000	234.043305555	4.39e-06
912350000	235.045399000	1.5e-05
912360000	236.048668000	1.5e-05
912370000	237.051023000	1.4e-05
912380000	238.054637000	1.7e-05
912390000	239.057260	0.00021
912400000	240.061203	0.000215
912410000	241.064134	0.000322
922150000	215.026719774	0.000112
922160000	216.024762829	3.02e-05
922170000	217.024660	8.6e-05
922180000	218.023504877	1.47e-05
922190000	219.025009233	1.43e-05
922200000	220.024706	0.000108
922210000	221.026323297	7.74e-05
922220000	222.026057957	5.58e-05
922230000	223.027960754	6.34e-05
922240000	224.027635913	1.64e-05
922250000	225.029385050	1.07e-05
922260000	226.029338669	1.19e-05
922270000	227.031181124	9.14e-06
922280000	228.031368959	1.45e-05
922290000	229.033505976	6.37e-06
922300000	230.033940114	4.84e-06
922310000	231.036292180	2.87e-06
922320000	232.037154765	1.94e-06
922330000	233.039634294	2.42e-06
922340000	234.040950296	1.21e-06
922350000	235.043928117	1.2e-06
922360000	236.045566130	1.19e-06
922370000	237.048728309	1.29e-06
922380000	238.050786936	1.6e-06
922390000	239.054291989	1.61e-06
922400000	240.056592411	2.74e-06
922410000	241.060330	0.00021
922420000	242.062931	0.000215
922430000	243.067075	0.000322
932190000	219.031601865	9.87e-05
932200000	220.032716280	3.3e-05
932210000	221.032110	0.000215
932220000	222.033574706	4.08e-05
932230000	223.032913340	8.9e-05
932240000	224.034388030	3.11e-05
932250000	225.033943422	9.84e-05
932260000	226.035230364	0.00011
932270000	227.034975012	8.27e-05
932280000	228.036313	0.000108
932290000	229.036287269	0.000109
932300000	230.037828060	5.91e-05
932310000	231.038243598	5.49e-05
932320000	232.040107	0.000107
932330000	233.040739421	5.47e-05
932340000	234.042893245	9.01e-06
932350000	235.044061518	1.49e-06
932360000	236.046568296	5.41e-05
932370000	237.048171640	1.2e-06
932380000	238.050944603	1.22e-06
932390000	239.052937538	1.41e-06
932400000	240.056163778	1.83e-05
932410000	241.058309671	0.000107
932420000	242.061639548	0.000215
932430000	243.064204	3.4e-05
932440000	244.067891	0.000107
932450000	245.070693	0.000215
942210000	221.038572	0.000322
942220000	222.037638	0.000322
942230000	223.038777	0.000322
942240000	224.037875	0.000322
942250000	225.038970	0.000322
942260000	226.038250	0.000215
942270000	227.039474	0.000107
942280000	228.038763325	2.51e-05
942290000	229.040145099	6.51e-05
942300000	230.039648313	1.55e-05
942310000	231.041125946	2.37e-05
942320000	232.041182133	1.81e-05
942330000	233.042997411	5.82e-05
942340000	234.043317489	7.3e-06
942350000	235.045284609	2.2e-05
942360000	236.046056661	1.94e-06
942370000	237.048407888	1.82e-06
942380000	238.049558175	1.22e-06
942390000	239.052161596	1.19e-06
942400000	240.053811740	1.19e-06
942410000	241.056849651	1.19e-06
942420000	242.058740979	1.34e-06
942430000	243.062002068	2.73e-06
942440000	244.064204401	2.52e-06
942450000	245.067824554	1.46e-05
942460000	246.070204172	1.61e-05
942470000	247.074300	0.000215
952230000	223.045840	0.000322
952240000	224.046442	0.000429
952250000	225.045508	0.000429
952260000	226.046130	0.000322
952270000	227.045282	0.000215
952280000	228.046001	0.000215
952290000	229.045282534	0.000114
952300000	230.046025	0.000153
952310000	231.045529	0.000322
952320000	232.046613	0.000322
952330000	233.046468	0.000123
952340000	234.047731	0.000172
952350000	235.047906478	5.67e-05
952360000	236.049427	0.000127
952370000	237.049995	6.4e-05
952380000	238.051982531	6.32e-05
952390000	239.053022729	2.13e-06
952400000	240.055298374	1.48e-05
952410000	241.056827343	1.19e-06
952420000	242.059547358	1.2e-06
952430000	243.061379889	1.49e-06
952440000	244.064282892	1.6e-06
952450000	245.066452827	2.02e-06
952460000	246.069774	1.9e-05
952470000	247.072092	0.000107
952480000	248.075752	0.000215
952490000	249.078480	0.00032
962310000	231.050746	0.000322
962320000	232.049740	0.000216
962330000	233.050771485	8.71e-05
962340000	234.050158568	1.83e-05
962350000	235.051545	0.00011
962360000	236.051372112	1.89e-05
962370000	237.052868988	7.99e-05
962380000	238.053081606	1.31e-05
962390000	239.054908519	0.000161
962400000	240.055528233	2.04e-06
962410000	241.057651218	1.73e-06
962420000	242.058834187	1.22e-06
962430000	243.061387329	1.6e-06
962440000	244.062750622	1.19e-06
962450000	245.065491047	1.23e-06
962460000	246.067222016	1.64e-06
962470000	247.070352678	4.08e-06
962480000	248.072349086	2.53e-06
962490000	249.075953992	2.54e-06
962500000	250.078357541	1.1e-05
962510000	251.082284988	2.44e-05
962520000	252.084870	0.00032
972330000	233.056652	0.00025
972340000	234.057322	0.000164
972350000	235.056651	0.00043
972360000	236.057479	0.000387
972370000	237.057123	0.000247
972380000	238.058204	0.000275
972390000	239.058239	0.000222
972400000	240.059758	0.000161
972410000	241.060098	0.000178
972420000	242.061999	0.000144
972430000	243.063005905	4.86e-06
972440000	244.065178969	1.55e-05
972450000	245.066359814	1.92e-06
972460000	246.068671300	6.44e-05
972470000	247.070305889	5.57e-06
972480000	248.073141689	5.37e-05
972490000	249.074983118	1.34e-06
972500000	250.078317195	3.11e-06
972510000	251.080760555	1.15e-05
972520000	252.084310	0.000215
972530000	253.086880	0.000385
972540000	254.090600	0.00032
982370000	237.062199272	0.000105
982380000	238.061490	0.00032
982390000	239.062482	0.000129
982400000	240.062253447	1.94e-05
982410000	241.063690	0.00018
982420000	242.063754544	1.38e-05
982430000	243.065475	0.000194
982440000	244.065999447	2.81e-06
982450000	245.068046755	2.61e-06
982460000	246.068803685	1.62e-06
982470000	247.070971348	1.54e-05
982480000	248.072182905	5.5e-06
982490000	249.074850428	1.27e-06
982500000	250.076404494	1.65e-06
982510000	251.079587171	4.19e-06
982520000	252.081626507	2.53e-06
982530000	253.085133723	4.57e-06
982540000	254.087323575	1.23e-05
982550000	255.091046	0.000215
982560000	256.093442	0.000338
992390000	239.068310	0.000322
992400000	240.068949	0.000393
992410000	241.068592	0.000248
992420000	242.069567	0.000276
992430000	243.069508	0.000222
992440000	244.070881	0.000195
992450000	245.071192	0.000178
992460000	246.072806474	9.65e-05
992470000	247.073621929	2.09e-05
992480000	248.075469	5.6e-05
992490000	249.076409	3.2e-05
992500000	250.078611	0.000107
992510000	251.079991431	5.68e-06
992520000	252.082979173	5.37e-05
992530000	253.084821241	1.34e-06
992540000	254.088024337	3.15e-06
992550000	255.090273504	1.16e-05
992560000	256.093597	0.000107
992570000	257.095979	0.000441
992580000	258.099520	0.00043
1002410000	241.074311	0.000322
1002420000	242.073430	0.00043
1002430000	243.074414	0.00014
1002440000	244.074036	0.000216
1002450000	245.075354	0.00021
1002460000	246.075353334	1.47e-05
1002470000	247.076944	0.000194
1002480000	248.077185451	9.12e-06
1002490000	249.078926042	6.67e-06
1002500000	250.079519765	8.47e-06
1002510000	251.081545130	1.53e-05
1002520000	252.082466019	5.6e-06
1002530000	253.085180945	1.66e-06
1002540000	254.086852424	1.98e-06
1002550000	255.089963495	4.22e-06
1002560000	256.091771699	3.24e-06
1002570000	257.095105419	4.67e-06
1002580000	258.097077	0.000215
1002590000	259.100596	0.000304
1002600000	260.102809	0.000467
1012440000	244.081157	0.000402
1012450000	245.080864	0.000279
1012460000	246.081713	0.000279
1012470000	247.081520	0.000223
1012480000	248.082607	0.000198
1012490000	249.082857155	0.000177
1012500000	250.084164934	9.76e-05
1012510000	251.084774287	2.03e-05
1012520000	252.086385000	9.8e-05
1012530000	253.087143	3.4e-05
1012540000	254.089590	0.000107
1012550000	255.091081702	5.98e-06
1012560000	256.093888	0.000133
1012570000	257.095537343	1.68e-06
1012580000	258.098433634	3.73e-06
1012590000	259.100445	0.000108
1012600000	260.103650	0.000339
1012610000	261.105828	0.000546
1012620000	262.109144	0.000481
1022480000	248.086623	0.000241
1022490000	249.087802	0.0003
1022500000	250.087565	0.000215
1022510000	251.088942	0.000194
1022520000	252.088966070	9.97e-06
1022530000	253.090562780	7.42e-06
1022540000	254.090954211	1.04e-05
1022550000	255.093196439	1.51e-05
1022560000	256.094281912	8.1e-06
1022570000	257.096884203	6.65e-06
1022580000	258.098205	0.000107
1022590000	259.100998364	6.83e-06
1022600000	260.102641	0.000215
1022610000	261.105696	0.000215
1022620000	262.107463	0.000387
1022630000	263.110714	0.000526
1022640000	264.112734	0.000634
1032510000	251.094289	0.000215
1032520000	252.095048	0.000198
1032530000	253.095033850	0.000177
1032540000	254.096238813	9.8e-05
1032550000	255.096562399	1.9e-05
1032560000	256.098494024	8.9e-05
1032570000	257.099480	4.7e-05
1032580000	258.101753	0.000109
1032590000	259.102900	7.6e-05
1032600000	260.105504	0.000134
1032610000	261.106879	0.000215
1032620000	262.109615	0.000215
1032630000	263.111293	0.00024
1032640000	264.114198	0.000468
1032650000	265.116193	0.000587
1032660000	266.119874	0.000579
1042530000	253.100528	0.00044
1042540000	254.100055	0.000304
1042550000	255.101267	0.000194
1042560000	256.101151464	1.92e-05
1042570000	257.102916796	1.16e-05
1042580000	258.103429895	1.73e-05
1042590000	259.105601	7.8e-05
1042600000	260.106440	0.000215
1042610000	261.108769591	7.05e-05
1042620000	262.109923	0.00024
1042630000	263.112461	0.000164
1042640000	264.113876	0.000387
1042650000	265.116683	0.000387
1042660000	266.118236	0.000443
1042670000	267.121787	0.000617
1042680000	268.123968	0.000711
1052550000	255.106919	0.000304
1052560000	256.107674	0.000201
1052570000	257.107520042	0.000177
1052580000	258.108972995	9.86e-05
1052590000	259.109491859	6.09e-05
1052600000	260.111297	0.0001
1052610000	261.111979	0.000118
1052620000	262.114067	0.000154
1052630000	263.114987	0.00018
1052640000	264.117297	0.000253
1052650000	265.118500	0.00024
1052660000	266.121032	0.000304
1052670000	267.122399	0.000402
1052680000	268.125669	0.000568
1052690000	269.127911	0.000669
1052700000	270.131399	0.000617
1062580000	258.113040	0.000443
1062590000	259.114353	0.000194
1062600000	260.114383435	2.2e-05
1062610000	261.115948135	1.99e-05
1062620000	262.116338978	2.38e-05
1062630000	263.118299	0.000101
1062640000	264.118930	0.000304
1062650000	265.121089	0.000149
1062660000	266.121973	0.000263
1062670000	267.124323	0.000281
1062680000	268.125389	0.000504
1062690000	269.128495	0.000395
1062700000	270.130362	0.000492
1062710000	271.133782	0.000634
1062720000	272.135825	0.000743
1062730000	273.139475	0.000429
1072600000	260.121443	0.000211
1072610000	261.121395733	0.000193
1072620000	262.122654688	9.99e-05
1072630000	263.122916	0.000328
1072640000	264.124486	0.00019
1072650000	265.124955	0.000257
1072660000	266.126790	0.000175
1072670000	267.127499	0.000282
1072680000	268.129584	0.00041
1072690000	269.130411	0.000402
1072700000	270.133366	0.00032
1072710000	271.135115	0.000412
1072720000	272.138259	0.000571
1072730000	273.140294	0.000703
1072740000	274.143599	0.00062
1072750000	275.145766	0.000644
1072760000	276.149169	0.000644
1072770000	277.151477	0.000644
1072780000	278.154988	0.000429
1082630000	263.128479	0.000212
1082640000	264.128356330	3.1e-05
1082650000	265.129791744	2.57e-05
1082660000	266.130048783	2.91e-05
1082670000	267.131678	0.000102
1082680000	268.132011	0.000322
1082690000	269.133649	0.000141
1082700000	270.134313	0.000266
1082710000	271.137082	0.000296
1082720000	272.138492	0.000547
1082730000	273.141458	0.000401
1082740000	274.143217	0.000504
1082750000	275.146530	0.000637
1082760000	276.148348	0.000773
1082770000	277.151772	0.00048
1082780000	278.153753	0.000322
1082790000	279.157274	0.000644
1082800000	280.159335	0.000644
1092650000	265.135937	0.000471
1092660000	266.137062253	0.000104
1092670000	267.137189	0.00054
1092680000	268.138649	0.00025
1092690000	269.138809	0.000335
1092700000	270.140322	0.000205
1092710000	271.140741	0.000354
1092720000	272.143298	0.000521
1092730000	273.144695	0.000455
1092740000	274.147343	0.000404
1092750000	275.148972	0.000416
1092760000	276.151705	0.000571
1092770000	277.153525	0.000711
1092780000	278.156487	0.000621
1092790000	279.158439	0.00072
1092800000	280.161579	0.000644
1092810000	281.163608	0.000644
1092820000	282.166888	0.00048
1102670000	267.143726	0.000219
1102680000	268.143477	0.000324
1102690000	269.144750965	3.37e-05
1102700000	270.144586620	4.22e-05
1102710000	271.145951	0.000104
1102720000	272.146091	0.000456
1102730000	273.148455	0.000152
1102740000	274.149434	0.000418
1102750000	275.152085	0.000366
1102760000	276.153022	0.000588
1102770000	277.155763	0.000421
1102780000	278.157007	0.000548
1102790000	279.159984	0.000649
1102800000	280.161375	0.000803
1102810000	281.164545	0.000529
1102820000	282.166174	0.000322
1102830000	283.169437	0.000537
1102840000	284.171187	0.000537
1112720000	272.153273	0.000251
1112730000	273.153393	0.000429
1112740000	274.155247	0.000225
1112750000	275.156088	0.000479
1112760000	276.158226	0.000675
1112770000	277.159322	0.000504
1112780000	278.161590	0.000417
1112790000	279.162880	0.000453
1112800000	280.165204	0.000571
1112810000	281.166757	0.000831
1112820000	282.169343	0.000631
1112830000	283.171101	0.000728
1112840000	284.173882	0.000537
1112850000	285.175771	0.000644
1112860000	286.178756	0.000492
1122760000	276.161418	0.000537
1122770000	277.163535	0.000165
1122780000	278.164083	0.00047
1122790000	279.166422	0.000424
1122800000	280.167102	0.000626
1122810000	281.169563	0.000427
1122820000	282.170507	0.000588
1122830000	283.173202	0.00066
1122840000	284.174360	0.000819
1122850000	285.177227	0.000544
1122860000	286.178691	0.000751
1122870000	287.181826	0.000751
1122880000	288.183501	0.000751
1132780000	278.170725	0.00024
1132790000	279.171187	0.000644
1132800000	280.173098	0.000429
1132810000	281.173710	0.000322
1132820000	282.175770	0.00043
1132830000	283.176666	0.000469
1132840000	284.178843	0.000573
1132850000	285.180106	0.000832
1132860000	286.182456	0.000634
1132870000	287.184064	0.000759
1132880000	288.186764	0.000751
1132890000	289.188461	0.000537
1132900000	290.191429	0.000503
1142840000	284.181192	0.000704
1142850000	285.183503	0.000433
1142860000	286.184226	0.00059
1142870000	287.186720	0.000663
1142880000	288.187781	0.000819
1142890000	289.190517	0.000548
1142900000	290.191875	0.000752
1142910000	291.194848	0.000751
1152870000	287.190820	0.000475
1152880000	288.192879	0.000575
1152890000	289.193971	0.000834
1152900000	290.196235	0.000635
1152910000	291.197725	0.000789
1152920000	292.200323	0.000751
1162890000	289.198023	0.00054
1162900000	290.198635	0.000593
1162910000	291.201014	0.000669
1162920000	292.201969	0.000819
1162930000	293.204583	0.000553
1172910000	291.205748	0.00064
1172920000	292.207861	0.000718
1172930000	293.208727	0.000835
1172940000	294.210840	0.000637
1182930000	293.213423	0.000761
1182940000	294.213979	0.000594
1182950000	295.216178	0.000703
