# parent_GNDS	progeny_GNDS	bf	mode
# Per-branch daughters from ENDF/B-VIII.0 decay tapes (MF8/MT457 NDK
# records: RTYP decay-mode code, RFS daughter state flag, BR branching
# fraction). RTYP digits apply in emission order (ENDF-102 8.4; OpenMC
# decay.py digit table): beta- Z+1, EC/beta+ Z-1, alpha Z-2/A-4, IT
# unchanged, delayed neutrons/protons subtract emitted nucleons; the
# mode token is the initial event. SF/fission-family branches (any
# digit 6) and unknown-origin branches (RTYP 10) are dropped, so kept
# branches of strong SF emitters sum to 1-BR(SF); depletion matrices
# skip sf gains. Tapes with zero half-life or stable flags yield no
# rows (Te123 stays absent: effectively stable in this evaluation).
# Basis note: this table and half_life.tsv use ENDF/B-VIII.0 while
# decay_energy.tsv stays on ENDF/B-VII.1 (different sublibrary vintages).
# Screening-level only: use evaluated libraries for transport.
# Regenerate: python3 scripts/gen-nuclear-data.py --endf-decay8 <dir> --out <dir>.
Ac206	Fr202	1	alpha
Ac206_m1	Fr202	1	alpha
Ac207	Fr203	1	alpha
Ac208	Fr204	1	alpha
Ac208_m1	Fr204	0.9	alpha
Ac208_m1	Ra208	0.1	ec/beta+
Ac209	Fr205	1	alpha
Ac210	Fr206	0.91	alpha
Ac210	Ra210	0.09	ec/beta+
Ac211	Fr207	1	alpha
Ac212	Fr208	0.57	alpha
Ac212	Ra212	0.43	ec/beta+
Ac213	Fr209	1	alpha
Ac214	Fr210	0.89	alpha
Ac214	Ra214	0.11	ec/beta+
Ac215	Fr211	0.9991	alpha
Ac215	Ra215	0.0009	ec/beta+
Ac216	Fr212	1	alpha
Ac216_m1	Fr212	1	alpha
Ac217	Fr213	1	alpha
Ac218	Fr214	1	alpha
Ac219	Fr215	1	alpha
Ac220	Fr216	1	alpha
Ac221	Fr217	1	alpha
Ac222	Fr218	0.99	alpha
Ac222	Ra222	0.01	ec/beta+
Ac222_m1	Ac222	0.101317	IT
Ac222_m1	Fr218	0.891591	alpha
Ac222_m1	Ra222	0.0070922	ec/beta+
Ac223	Fr219	1	alpha
Ac224	Fr220	0.091	alpha
Ac224	Ra224	0.909	ec/beta+
Ac225	Fr221	1	alpha
Ac226	Fr222	6e-05	alpha
Ac226	Ra226	0.16997	ec/beta+
Ac226	Th226	0.82997	beta-
Ac227	Fr223	0.0138	alpha
Ac227	Th227	0.9862	beta-
Ac228	Th228	1	beta-
Ac229	Th229	1	beta-
Ac230	Th230	1	beta-
Ac231	Th231	1	beta-
Ac232	Th232	1	beta-
Ac233	Th233	1	beta-
Ac234	Th234	1	beta-
Ac235	Th235	1	beta-
Ac236	Th236	1	beta-
Ag100	Pd100	1	ec/beta+
Ag100_m1	Ag100	0.5	IT
Ag100_m1	Pd100	0.5	ec/beta+
Ag101	Pd101	1	ec/beta+
Ag101_m1	Ag101	1	IT
Ag102	Pd102	1	ec/beta+
Ag102_m1	Ag102	0.49	IT
Ag102_m1	Pd102	0.51	ec/beta+
Ag103	Pd103	1	ec/beta+
Ag103_m1	Ag103	1	IT
Ag104	Pd104	1	ec/beta+
Ag104_m1	Ag104	0.0007	IT
Ag104_m1	Pd104	0.9993	ec/beta+
Ag105	Pd105	1	ec/beta+
Ag105_m1	Ag105	0.9966	IT
Ag105_m1	Pd105	0.0034	ec/beta+
Ag106	Pd106	1	ec/beta+
Ag106_m1	Pd106	1	ec/beta+
Ag107_m1	Ag107	1	IT
Ag108	Cd108	0.9715	beta-
Ag108	Pd108	0.0285	ec/beta+
Ag108_m1	Ag108	0.087	IT
Ag108_m1	Pd108	0.913	ec/beta+
Ag109_m1	Ag109	1	IT
Ag110	Cd110	0.997	beta-
Ag110	Pd110	0.003	ec/beta+
Ag110_m1	Ag110	0.0136	IT
Ag110_m1	Cd110	0.9864	beta-
Ag111	Cd111	1	beta-
Ag111_m1	Ag111	0.993	IT
Ag111_m1	Cd111	0.007	beta-
Ag112	Cd112	1	beta-
Ag113	Cd113	0.982636	beta-
Ag113	Cd113_m1	0.0173643	beta-
Ag113_m1	Ag113	0.64	IT
Ag113_m1	Cd113	0.36	beta-
Ag114	Cd114	1	beta-
Ag114_m1	Ag114	1	IT
Ag115	Cd115	0.94241	beta-
Ag115	Cd115_m1	0.0575896	beta-
Ag115_m1	Ag115	0.21	IT
Ag115_m1	Cd115	0.79	beta-
Ag116	Cd116	1	beta-
Ag116_m1	Ag116	0.07	IT
Ag116_m1	Cd116	0.93	beta-
Ag116_m2	Ag116_m1	0.08	IT
Ag116_m2	Cd116	0.92	beta-
Ag117	Cd117	0.848214	beta-
Ag117	Cd117_m1	0.151786	beta-
Ag117_m1	Ag117	0.06	IT
Ag117_m1	Cd117	0.730488	beta-
Ag117_m1	Cd117_m1	0.209512	beta-
Ag118	Cd118	1	beta-
Ag118_m1	Ag118	0.41	IT
Ag118_m1	Cd118	0.59	beta-
Ag119	Cd119	0.728377	beta-
Ag119	Cd119_m1	0.271623	beta-
Ag119_m1	Cd119	1	beta-
Ag120	Cd119	7.4466e-10	beta-
Ag120	Cd120	1	beta-
Ag120_m1	Ag120	0.37	IT
Ag120_m1	Cd120	0.63	beta-
Ag121	Cd121	0.89055	beta-
Ag121	Cd121_m1	0.10945	beta-
Ag122	Cd121	0.00186	beta-
Ag122	Cd122	0.99814	beta-
Ag122_m1	Cd121	0.0005506	beta-
Ag122_m1	Cd122	0.999449	beta-
Ag123	Cd122	0.0055	beta-
Ag123	Cd123	0.9945	beta-
Ag124	Cd123	0.013	beta-
Ag124	Cd124	0.987	beta-
Ag125	Cd124	0.031585	beta-
Ag125	Cd125	0.968415	beta-
Ag126	Cd125	0.032894	beta-
Ag126	Cd126	0.967106	beta-
Ag127	Cd126	0.050591	beta-
Ag127	Cd127	0.949409	beta-
Ag128	Cd126	9.0422e-07	beta-
Ag128	Cd127	0.0610011	beta-
Ag128	Cd128	0.938998	beta-
Ag129	Cd128	0.08951	beta-
Ag129	Cd129	0.91049	beta-
Ag130	Cd128	0.010046	beta-
Ag130	Cd129	0.790194	beta-
Ag130	Cd130	0.19976	beta-
Ag93	Pd92	0.5	p
Ag93	Pd93	0.5	ec/beta+
Ag94	Pd94	1	ec/beta+
Ag94_m1	Pd94	0.8	ec/beta+
Ag94_m1	Rh93	0.2	ec/beta+
Ag94_m2	Pd93	0.031	p
Ag94_m2	Pd94	0.699	ec/beta+
Ag94_m2	Rh93	0.27	ec/beta+
Ag95	Pd95	0.5	ec/beta+
Ag95	Rh94	0.5	ec/beta+
Ag95_m1	Ag95	1	IT
Ag95_m2	Ag95	1	IT
Ag95_m3	Ag95	1	IT
Ag96	Pd96	0.915	ec/beta+
Ag96	Rh95	0.085	ec/beta+
Ag96_m1	Pd96	0.82	ec/beta+
Ag96_m1	Rh95	0.18	ec/beta+
Ag97	Pd97	1	ec/beta+
Ag98	Pd98	1	ec/beta+
Ag99	Pd99	1	ec/beta+
Ag99_m1	Ag99	1	IT
Al21	Mg20	1	p
Al22	Mg22	0.3969	ec/beta+
Al22	Na21	0.6	ec/beta+
Al22	Ne18	0.0031	ec/beta+
Al23	Mg23	0.9878	ec/beta+
Al23	Na22	0.0122	ec/beta+
Al24	Mg24	1	ec/beta+
Al24_m1	Al24	0.825	IT
Al24_m1	Mg24	0.1747	ec/beta+
Al24_m1	Ne20	0.0003	ec/beta+
Al25	Mg25	1	ec/beta+
Al26	Mg26	1	ec/beta+
Al26_m1	Mg26	1	ec/beta+
Al28	Si28	1	beta-
Al29	Si29	1	beta-
Al30	Si30	1	beta-
Al31	Si31	1	beta-
Al32	Si32	1	beta-
Al33	Si32	0.085	beta-
Al33	Si33	0.915	beta-
Al34	Si33	0.27	beta-
Al34	Si34	0.73	beta-
Al35	Si34	0.41	beta-
Al35	Si35	0.59	beta-
Al36	Si35	0.31	beta-
Al36	Si36	0.69	beta-
Al37	Si37	1	beta-
Al38	Si37	0.5	beta-
Al38	Si38	0.5	beta-
Al39	Si38	0.5	beta-
Al39	Si39	0.5	beta-
Al40	Si39	0.5	beta-
Al40	Si40	0.5	beta-
Al41	Si41	1	beta-
Al42	Si41	0.5	beta-
Al42	Si42	0.5	beta-
Am231	Np227	0.5	alpha
Am231	Pu231	0.5	ec/beta+
Am232	Np228	0.029979	alpha
Am232	Pu232	0.00069951	ec/beta+
Am232	Pu232	0.969321	ec/beta+
Am233	Np229	1	alpha
Am234	Pu234	1	ec/beta+
Am235	Np231	0.004	alpha
Am235	Pu235	0.996	ec/beta+
Am236	Np232	0.5	alpha
Am236	Pu236	0.5	ec/beta+
Am237	Np233	0.00025	alpha
Am237	Pu237	0.71889	ec/beta+
Am237	Pu237_m1	0.28086	ec/beta+
Am238	Np234	1e-06	alpha
Am238	Pu238	0.999999	ec/beta+
Am239	Np235	0.0001	alpha
Am239	Pu239	0.9999	ec/beta+
Am240	Np236	1.9e-06	alpha
Am240	Pu240	0.999998	ec/beta+
Am241	Np237	1	alpha
Am242	Cm242	0.827	beta-
Am242	Pu242	0.173	ec/beta+
Am242_m1	Am242	0.99541	IT
Am242_m1	Np238	0.00459	alpha
Am242_m2	Np238	4.99975e-05	alpha
Am243	Np239	1	alpha
Am244	Cm244	1	beta-
Am244_m1	Cm244	0.999639	beta-
Am244_m1	Pu244	0.000361	ec/beta+
Am245	Cm245	1	beta-
Am246	Cm246	1	beta-
Am246_m1	Cm246	1	beta-
Am247	Cm247	1	beta-
Am248	Cm248	1	beta-
Am249	Cm249	1	beta-
Ar30	Cl29	1	p
Ar31	Cl31	0.225	ec/beta+
Ar31	P29	0.085	ec/beta+
Ar31	S30	0.69	ec/beta+
Ar32	Cl32	0.57	ec/beta+
Ar32	S31	0.43	ec/beta+
Ar33	Cl33	0.613	ec/beta+
Ar33	S32	0.387	ec/beta+
Ar34	Cl34	1	ec/beta+
Ar35	Cl35	1	ec/beta+
Ar37	Cl37	1	ec/beta+
Ar39	K39	1	beta-
Ar41	K41	1	beta-
Ar42	K42	1	beta-
Ar43	K43	1	beta-
Ar44	K44	1	beta-
Ar45	K45	1	beta-
Ar46	K46	1	beta-
Ar47	K47	1	beta-
Ar48	K48	1	beta-
Ar49	K48	0.65	beta-
Ar49	K49	0.35	beta-
Ar50	K49	0.35	beta-
Ar50	K50	0.65	beta-
Ar51	K51	1	beta-
Ar52	K52	1	beta-
Ar53	K52	0.5	beta-
Ar53	K53	0.5	beta-
As60	Ge59	1	p
As61	Ge60	1	p
As62	Ge61	1	p
As63	Ge62	1	p
As64	Ge64	1	ec/beta+
As65	Ge65	1	ec/beta+
As66	Ge66	1	ec/beta+
As67	Ge67	1	ec/beta+
As68	Ge68	1	ec/beta+
As69	Ge69	1	ec/beta+
As70	Ge70	1	ec/beta+
As71	Ge71	1	ec/beta+
As72	Ge72	1	ec/beta+
As73	Ge73_m1	1	ec/beta+
As74	Ge74	0.66	ec/beta+
As74	Se74	0.34	beta-
As75_m1	As75	1	IT
As76	Se76	1	beta-
As77	Se77	0.996671	beta-
As77	Se77_m1	0.00332866	beta-
As78	Se78	1	beta-
As79	Se79	0.0236862	beta-
As79	Se79_m1	0.976314	beta-
As80	Se80	1	beta-
As81	Se81	0.96411	beta-
As81	Se81_m1	0.0358897	beta-
As82	Se82	1	beta-
As82_m1	Se82	1	beta-
As83	Se83	1	beta-
As84	Se83	0.0018	beta-
As84	Se84	0.9982	beta-
As85	Se84	0.594	beta-
As85	Se85	0.406	beta-
As86	Se84	6.2991e-06	beta-
As86	Se85	0.355	beta-
As86	Se86	0.644994	beta-
As87	Se85	6.3502e-12	beta-
As87	Se86	0.39672	beta-
As87	Se87	0.60328	beta-
As88	Se86	0.0020827	beta-
As88	Se87	0.407617	beta-
As88	Se88	0.5903	beta-
As89	Se87	0.00076842	beta-
As89	Se88	0.999221	beta-
As89	Se89	1e-05	beta-
As90	Se87	3.7117e-09	beta-
As90	Se88	0.014506	beta-
As90	Se89	0.402064	beta-
As90	Se90	0.58343	beta-
As91	Se88	1.8213e-05	beta-
As91	Se89	0.0141408	beta-
As91	Se90	0.985841	beta-
As92	Se88	4.864e-12	beta-
As92	Se89	0.0011677	beta-
As92	Se90	0.303782	beta-
As92	Se91	0.69505	beta-
At193	Bi189	1	alpha
At194	Bi190	0.5	alpha
At194	Po194	0.5	ec/beta+
At194_m1	At194	0.333333	IT
At194_m1	Bi190	0.333333	alpha
At194_m1	Po194	0.333333	ec/beta+
At195	Bi191	1	alpha
At195_m1	Bi191	1	alpha
At196	Bi192	0.951	alpha
At196	Po196	0.049	ec/beta+
At196_m1	At196	1	IT
At197	Bi193	0.961	alpha
At197	Po197	0.039	ec/beta+
At197_m1	Bi193	0.5	alpha
At197_m1	Po197	0.5	ec/beta+
At198	Bi194	0.9	alpha
At198	Po198	0.1	ec/beta+
At198_m1	Bi194	0.84	alpha
At198_m1	Po198	0.16	ec/beta+
At199	Bi195	0.9	alpha
At199	Po199	0.1	ec/beta+
At200	Bi196	0.52	alpha
At200	Po200	0.48	ec/beta+
At200_m1	Bi196	0.43	alpha
At200_m1	Po200	0.57	ec/beta+
At200_m2	At200	0.4475	IT
At200_m2	Bi196	0.105	alpha
At200_m2	Po200	0.4475	ec/beta+
At201	Bi197	0.71	alpha
At201	Po201	0.29	ec/beta+
At202	Bi198	0.37	alpha
At202	Po202	0.63	ec/beta+
At202_m1	Bi198	0.087	alpha
At202_m1	Po202	0.913	ec/beta+
At202_m2	At202	0.999	IT
At202_m2	Bi198	0.001	alpha
At203	Bi199	0.31	alpha
At203	Po203	0.69	ec/beta+
At204	Bi200	0.0391	alpha
At204	Po204	0.9609	ec/beta+
At204_m1	At204	1	IT
At205	Bi201	0.1	alpha
At205	Po205	0.9	ec/beta+
At206	Bi202	0.009	alpha
At206	Po206	0.991	ec/beta+
At207	Bi203	0.086	alpha
At207	Po207	0.914	ec/beta+
At208	Bi204	0.0055	alpha
At208	Po208	0.9945	ec/beta+
At209	Bi205	0.041	alpha
At209	Po209	0.959	ec/beta+
At210	Bi206	0.00175	alpha
At210	Po210	0.99825	ec/beta+
At211	Bi207	0.418	alpha
At211	Po211	0.582	ec/beta+
At212	Bi208	1	alpha
At212_m1	Bi208	1	alpha
At213	Bi209	1	alpha
At214	Bi210	1	alpha
At215	Bi211	1	alpha
At216	Bi212	1	alpha
At217	Bi213	0.99993	alpha
At217	Rn217	7e-05	beta-
At218	Bi214	0.999	alpha
At218	Rn218	0.001	beta-
At219	Bi215	0.97	alpha
At219	Rn219	0.03	beta-
At220	Bi216	0.08	alpha
At220	Rn220	0.92	beta-
At221	Rn221	1	beta-
At222	Rn222	1	beta-
At223	Rn223	1	beta-
Au169	Ir165	0.5	alpha
Au169	Pt168	0.5	p
Au170	Ir166	0.11	alpha
Au170	Pt169	0.89	p
Au170_m1	Ir166	0.42	alpha
Au170_m1	Pt169	0.58	p
Au171	Pt170	1	p
Au171_m1	Ir167	0.54	alpha
Au171_m1	Pt170	0.46	p
Au172	Ir168	0.49	alpha
Au172	Ir168_m1	0.49	alpha
Au172	Pt171	0.02	p
Au173	Ir169	0.94	alpha
Au173	Pt173	0.06	ec/beta+
Au173_m1	Ir169	0.92	alpha
Au173_m1	Pt172	0.04	p
Au173_m1	Pt173	0.04	ec/beta+
Au174	Ir170	1	alpha
Au174_m1	Ir170	1	alpha
Au175	Ir171	1	alpha
Au175_m1	Ir171	0.94	alpha
Au175_m1	Pt175	0.06	ec/beta+
Au176	Ir172	0.5	alpha
Au176	Pt176	0.5	ec/beta+
Au176_m1	Ir172	0.5	alpha
Au176_m1	Pt176	0.5	ec/beta+
Au177	Ir173	1	alpha
Au177_m1	Ir173	0.6	alpha
Au177_m1	Pt177	0.4	ec/beta+
Au178	Ir174	0.4	alpha
Au178	Pt178	0.6	ec/beta+
Au179	Ir175	0.22	alpha
Au179	Pt179	0.78	ec/beta+
Au180	Ir176	0.018	alpha
Au180	Pt180	0.982	ec/beta+
Au181	Ir177	0.027	alpha
Au181	Pt181	0.973	ec/beta+
Au182	Ir178	0.0013	alpha
Au182	Pt182	0.9987	ec/beta+
Au183	Ir179	0.0036	alpha
Au183	Pt183	0.9964	ec/beta+
Au184	Pt184	1	ec/beta+
Au184_m1	Au184	0.3	IT
Au184_m1	Pt184	0.7	ec/beta+
Au185	Ir181	0.0026	alpha
Au185	Pt185	0.9974	ec/beta+
Au186	Ir182	8e-06	alpha
Au186	Pt186	0.999992	ec/beta+
Au187	Ir183	2.99991e-05	alpha
Au187	Pt187	0.99997	ec/beta+
Au187_m1	Au187	1	IT
Au188	Pt188	1	ec/beta+
Au189	Ir185	3e-07	alpha
Au189	Pt189	1	ec/beta+
Au189_m1	Pt189	1	ec/beta+
Au190	Pt190	1	ec/beta+
Au190_m1	Au190	1	IT
Au191	Pt191	1	ec/beta+
Au191_m1	Au191	1	IT
Au192	Pt192	1	ec/beta+
Au192_m1	Au192	1	IT
Au192_m2	Au192	1	IT
Au193	Pt193	1	ec/beta+
Au193_m1	Au193	0.9997	IT
Au193_m1	Pt193	0.0003	ec/beta+
Au194	Pt194	1	ec/beta+
Au194_m1	Au194	1	IT
Au194_m2	Au194	1	IT
Au195	Pt195	1	ec/beta+
Au195_m1	Au195	1	IT
Au196	Hg196	0.07	beta-
Au196	Pt196	0.93	ec/beta+
Au196_m1	Au196	1	IT
Au196_m2	Au196_m1	1	IT
Au197_m1	Au197	1	IT
Au198	Hg198	1	beta-
Au198_m1	Au198	1	IT
Au199	Hg199	1	beta-
Au200	Hg200	1	beta-
Au200_m1	Au200	0.16	IT
Au200_m1	Hg200	0.84	beta-
Au201	Hg201	1	beta-
Au202	Hg202	1	beta-
Au203	Hg203	1	beta-
Au204	Hg204	1	beta-
Au205	Hg205	1	beta-
B12	C12	1	beta-
B13	C13	1	beta-
B14	C14	1	beta-
B15	C13	0.004	beta-
B15	C14	0.936	beta-
B15	C15	0.06	beta-
B16	B15	1	n
B17	C13	0.004	beta-
B17	C14	0.035	beta-
B17	C15	0.11	beta-
B17	C16	0.63	beta-
B17	C17	0.221	beta-
B18	B17	1	n
B19	C17	0.16	beta-
B19	C18	0.72	beta-
B19	C19	0.12	beta-
B6	Li4	1	p
B7	Be6	1	p
B8	He4	1	ec/beta+
B9	Be8	1	p
Ba114	Cs114	0.8	ec/beta+
Ba114	Xe110	9e-07	alpha
Ba114	Xe113	0.2	ec/beta+
Ba115	Cs115	0.85	ec/beta+
Ba115	Xe114	0.15	ec/beta+
Ba116	Cs116	0.97	ec/beta+
Ba116	Xe115	0.03	ec/beta+
Ba117	Cs117	1	ec/beta+
Ba118	Cs118	1	ec/beta+
Ba119	Cs119	0.75	ec/beta+
Ba119	Xe118	0.25	ec/beta+
Ba120	Cs120	1	ec/beta+
Ba121	Cs121	1	ec/beta+
Ba122	Cs122	1	ec/beta+
Ba123	Cs123	1	ec/beta+
Ba124	Cs124	1	ec/beta+
Ba125	Cs125	1	ec/beta+
Ba126	Cs126	1	ec/beta+
Ba127	Cs127	1	ec/beta+
Ba127_m1	Ba127	1	IT
Ba128	Cs128	1	ec/beta+
Ba129	Cs129	1	ec/beta+
Ba129_m1	Cs129	1	ec/beta+
Ba130_m1	Ba130	1	IT
Ba131	Cs131	1	ec/beta+
Ba131_m1	Ba131	1	IT
Ba133	Cs133	1	ec/beta+
Ba133_m1	Ba133	0.999904	IT
Ba133_m1	Cs133	9.6e-05	ec/beta+
Ba135_m1	Ba135	1	IT
Ba136_m1	Ba136	1	IT
Ba137_m1	Ba137	1	IT
Ba139	La139	1	beta-
Ba140	La140	1	beta-
Ba141	La141	1	beta-
Ba142	La142	1	beta-
Ba143	La143	1	beta-
Ba144	La144	1	beta-
Ba145	La145	1	beta-
Ba146	La146	1	beta-
Ba147	La146	0.0006	beta-
Ba147	La147	0.9994	beta-
Ba148	La147	0.004	beta-
Ba148	La148	0.996	beta-
Ba149	La148	0.0043	beta-
Ba149	La149	0.9957	beta-
Ba150	La149	0.01	beta-
Ba150	La150	0.99	beta-
Ba151	La150	0.033412	beta-
Ba151	La151	0.966588	beta-
Ba152	La151	0.050146	beta-
Ba152	La152	0.949854	beta-
Ba153	La151	6.2276e-08	beta-
Ba153	La152	0.0336439	beta-
Ba153	La153	0.966356	beta-
Be10	B10	1	beta-
Be11	B11	0.969	beta-
Be11	Li7	0.031	beta-
Be12	B12	1	beta-
Be13	Be12	1	n
Be14	B12	0.05	beta-
Be14	B13	0.81	beta-
Be14	B14	0.14	beta-
Be15	Be14	1	n
Be16	Be14	1	n
Be5	Li4	1	p
Be6	He4	1	p
Be7	Li7	1	ec/beta+
Be8	He4	1	alpha
Bh260	Db256	1	alpha
Bh261	Db257	0.904762	alpha
Bh262	Db258	0.5	alpha
Bh262	Db258	0.5	alpha
Bh262_m1	Db258	1	alpha
Bh263	Db259	1	alpha
Bh264	Db260	1	alpha
Bh265	Db261	1	alpha
Bh266	Db262	1	alpha
Bh267	Db263	1	alpha
Bh269	Db265	1	alpha
Bi184	Tl180	0.5	alpha
Bi184	Tl180	0.5	alpha
Bi184_m1	Tl180	1	alpha
Bi185	Pb184	0.9	p
Bi185	Tl181	0.1	alpha
Bi186	Tl182	1	alpha
Bi186_m1	Tl182	1	alpha
Bi187	Tl183	1	alpha
Bi187_m1	Pb187	0.5	ec/beta+
Bi187_m1	Tl183	0.5	alpha
Bi188	Tl184	1	alpha
Bi188_m1	Tl184	1	alpha
Bi189	Pb189	0.5	ec/beta+
Bi189	Tl185	0.5	alpha
Bi189_m1	Pb189	0.5	ec/beta+
Bi189_m1	Tl185	0.5	alpha
Bi190	Pb190	0.1	ec/beta+
Bi190	Tl186	0.9	alpha
Bi190_m1	Pb190	0.3	ec/beta+
Bi190_m1	Tl186	0.7	alpha
Bi191	Pb191	0.49	ec/beta+
Bi191	Tl187	0.51	alpha
Bi191_m1	Bi191	0.32	IT
Bi191_m1	Tl187	0.68	alpha
Bi192	Pb192	0.88	ec/beta+
Bi192	Tl188	0.12	alpha
Bi192_m1	Pb192	0.9	ec/beta+
Bi192_m1	Tl188	0.1	alpha
Bi193	Pb193	0.965	ec/beta+
Bi193	Tl189	0.035	alpha
Bi193_m1	Pb193	0.16	ec/beta+
Bi193_m1	Tl189	0.84	alpha
Bi194	Pb194	0.9954	ec/beta+
Bi194	Tl190	0.0046	alpha
Bi194_m1	Pb194	1	ec/beta+
Bi194_m2	Pb194	0.998	ec/beta+
Bi194_m2	Tl190	0.002	alpha
Bi195	Pb195	0.9997	ec/beta+
Bi195	Tl191	0.0003	alpha
Bi195_m1	Pb195	0.67	ec/beta+
Bi195_m1	Tl191	0.33	alpha
Bi196	Pb196	0.999988	ec/beta+
Bi196	Tl192	1.2e-05	alpha
Bi196_m1	Bi196	0.5	IT
Bi196_m1	Pb196	0.5	ec/beta+
Bi196_m2	Bi196	0.258	IT
Bi196_m2	Pb196	0.741997	ec/beta+
Bi196_m2	Tl192_m1	3.8e-06	alpha
Bi197	Pb197	0.999999	ec/beta+
Bi197	Tl193	9.99999e-07	alpha
Bi197_m1	Bi197	0.003	IT
Bi197_m1	Pb197	0.447	ec/beta+
Bi197_m1	Tl193	0.55	alpha
Bi198	Pb198	1	ec/beta+
Bi198_m1	Pb198	1	ec/beta+
Bi198_m2	Bi198	1	IT
Bi199	Pb199	1	ec/beta+
Bi199_m1	Bi199	0.01	IT
Bi199_m1	Pb199	0.9899	ec/beta+
Bi199_m1	Tl195	0.0001	alpha
Bi200	Pb200	1	ec/beta+
Bi200_m1	Pb200	1	ec/beta+
Bi200_m2	Bi200	1	IT
Bi201	Pb201	0.547713	ec/beta+
Bi201	Pb201_m1	0.452287	ec/beta+
Bi201_m1	Bi201	0.077	IT
Bi201_m1	Pb201	0.92	ec/beta+
Bi201_m1	Tl197	0.003	alpha
Bi202	Pb202	1	ec/beta+
Bi203	Pb203	0.792827	ec/beta+
Bi203	Pb203_m1	0.207173	ec/beta+
Bi203_m1	Bi203	1	IT
Bi204	Pb204	1	ec/beta+
Bi204_m1	Bi204	1	IT
Bi204_m2	Bi204_m1	1	IT
Bi205	Pb205	1	ec/beta+
Bi206	Pb206	1	ec/beta+
Bi207	Pb207	1	ec/beta+
Bi208	Pb208	1	ec/beta+
Bi208_m1	Bi208	1	IT
Bi209	Tl205	1	alpha
Bi210	Po210	0.999999	beta-
Bi210	Tl206	1.32e-06	alpha
Bi210_m1	Tl206	1	alpha
Bi211	Po211	0.00276	beta-
Bi211	Tl207	0.99724	alpha
Bi212	Po212	0.6406	beta-
Bi212	Tl208	0.3594	alpha
Bi212_m1	Pb208	0.3	beta-
Bi212_m1	Po212	0.03	beta-
Bi212_m1	Tl208	0.67	alpha
Bi212_m2	Po212	1	beta-
Bi213	Po213	0.978	beta-
Bi213	Tl209	0.022	alpha
Bi214	Po214	0.99979	beta-
Bi214	Tl210	0.00021	alpha
Bi215	Po215	1	beta-
Bi215_m1	Bi215	0.5	IT
Bi215_m1	Po215	0.5	beta-
Bi216	Po216	1	beta-
Bi217	Po217	1	beta-
Bi218	Po218	1	beta-
Bk235	Am231	0.5	alpha
Bk235	Cm235	0.5	ec/beta+
Bk237	Am233	0.5	alpha
Bk237	Cm237	0.5	ec/beta+
Bk238	Cm238	0.99952	ec/beta+
Bk240	Cm240	0.99998	ec/beta+
Bk241	Am237	0.5	alpha
Bk241	Cm241	0.5	ec/beta+
Bk242	Cm242	1	ec/beta+
Bk243	Am239	0.0015	alpha
Bk243	Cm243	0.9985	ec/beta+
Bk244	Am240	6.00024e-05	alpha
Bk244	Cm244	0.99994	ec/beta+
Bk245	Am241	0.0012	alpha
Bk245	Cm245	0.9988	ec/beta+
Bk246	Cm246	1	ec/beta+
Bk247	Am243	1	alpha
Bk248	Am244	1	alpha
Bk248_m1	Cf248	0.7	beta-
Bk248_m1	Cm248	0.3	ec/beta+
Bk249	Am245	1.45e-05	alpha
Bk249	Cf249	0.999985	beta-
Bk250	Cf250	1	beta-
Bk251	Cf251	1	beta-
Bk253	Cf253	1	beta-
Bk254	Cf254	1	beta-
Br67	Se66	1	p
Br68	Se67	1	p
Br69	Se68	1	p
Br70	Se70	1	ec/beta+
Br70_m1	Se70	1	ec/beta+
Br71	Se71	1	ec/beta+
Br72	Se72	1	ec/beta+
Br72_m1	Br72	1	IT
Br73	Se73	0.00111617	ec/beta+
Br73	Se73_m1	0.998884	ec/beta+
Br74	Se74	1	ec/beta+
Br74_m1	Se74	1	ec/beta+
Br75	Se75	1	ec/beta+
Br76	Se76	1	ec/beta+
Br76_m1	Br76	0.997	IT
Br76_m1	Se76	0.003	ec/beta+
Br77	Se77	1	ec/beta+
Br77_m1	Br77	1	IT
Br78	Se78	1	ec/beta+
Br79_m1	Br79	1	IT
Br80	Kr80	0.917	beta-
Br80	Se80	0.083	ec/beta+
Br80_m1	Br80	1	IT
Br82	Kr82	1	beta-
Br82_m1	Br82	0.976	IT
Br82_m1	Kr82	0.024	beta-
Br83	Kr83	0.0002403	beta-
Br83	Kr83_m1	0.99976	beta-
Br84	Kr84	1	beta-
Br84_m1	Kr84	1	beta-
Br85	Kr85	0.0016262	beta-
Br85	Kr85_m1	0.998374	beta-
Br86	Kr86	1	beta-
Br87	Kr86	0.026	beta-
Br87	Kr87	0.974	beta-
Br88	Kr87	0.0658	beta-
Br88	Kr88	0.9342	beta-
Br89	Kr88	0.138	beta-
Br89	Kr89	0.862	beta-
Br90	Kr89	0.252	beta-
Br90	Kr90	0.748	beta-
Br91	Kr91	1	beta-
Br92	Kr90	3.5718e-05	beta-
Br92	Kr91	0.135544	beta-
Br92	Kr92	0.86442	beta-
Br93	Kr91	3.2371e-06	beta-
Br93	Kr92	0.266207	beta-
Br93	Kr93	0.73379	beta-
Br94	Kr92	0.022517	beta-
Br94	Kr93	0.846593	beta-
Br94	Kr94	0.13089	beta-
Br95	Kr92	1.1664e-12	beta-
Br95	Kr93	0.0045933	beta-
Br95	Kr94	0.993737	beta-
Br95	Kr95	0.00167	beta-
Br96	Kr93	1.4177e-06	beta-
Br96	Kr94	0.0611596	beta-
Br96	Kr95	0.51612	beta-
Br96	Kr96	0.422718	beta-
Br97	Kr94	0.00022715	beta-
Br97	Kr95	0.0484878	beta-
Br97	Kr96	0.951285	beta-
C10	B10	1	ec/beta+
C11	B11	1	ec/beta+
C14	N14	1	beta-
C15	N15	1	beta-
C16	N15	0.99	beta-
C16	N16	0.01	beta-
C17	N16	0.32	beta-
C17	N17	0.68	beta-
C18	N17	0.315	beta-
C18	N18	0.685	beta-
C19	N18	0.61	beta-
C19	N19	0.39	beta-
C20	N19	0.72	beta-
C20	N20	0.28	beta-
C21	C20	1	n
C22	N20	0.37	beta-
C22	N21	0.61	beta-
C22	N22	0.02	beta-
C8	Be6	1	p
C9	Be8	0.616	ec/beta+
C9	Li5	0.384	ec/beta+
Ca34	K33	1	p
Ca35	Ar34	0.957	ec/beta+
Ca35	Cl33	0.042	ec/beta+
Ca35	K35	0.001	ec/beta+
Ca36	Ar35	0.543	ec/beta+
Ca36	K36	0.457	ec/beta+
Ca37	Ar36	0.821	ec/beta+
Ca37	K37	0.179	ec/beta+
Ca38	K38	0.0004017	ec/beta+
Ca38	K38_m1	0.999598	ec/beta+
Ca39	K39	1	ec/beta+
Ca41	K41	1	ec/beta+
Ca45	Sc45	0.999981	beta-
Ca45	Sc45_m1	1.9e-05	beta-
Ca47	Sc47	1	beta-
Ca48	Sc48	0.25	beta-
Ca48	Ti48	0.75	beta-
Ca49	Sc49	1	beta-
Ca50	Sc50	0.0035	beta-
Ca50	Sc50_m1	0.9965	beta-
Ca51	Sc51	1	beta-
Ca52	Sc51	0.02	beta-
Ca52	Sc52	0.98	beta-
Ca53	Sc52	0.3	beta-
Ca53	Sc53	0.7	beta-
Ca54	Sc54	1	beta-
Ca55	Sc55	1	beta-
Ca56	Sc56	1	beta-
Ca57	Sc56	0.5	beta-
Ca57	Sc57	0.5	beta-
Cd100	Ag100	1	ec/beta+
Cd101	Ag101	0.882799	ec/beta+
Cd101	Ag101_m1	0.117202	ec/beta+
Cd102	Ag102	0.0540157	ec/beta+
Cd102	Ag102_m1	0.945984	ec/beta+
Cd103	Ag103	1	ec/beta+
Cd104	Ag104	1	ec/beta+
Cd105	Ag105	1	ec/beta+
Cd107	Ag107	0.000638	ec/beta+
Cd107	Ag107_m1	0.999362	ec/beta+
Cd109	Ag109_m1	1	ec/beta+
Cd111_m1	Cd111	1	IT
Cd113	In113	1	beta-
Cd113_m1	Cd113	0.0014	IT
Cd113_m1	In113	0.9986	beta-
Cd115	In115	7e-07	beta-
Cd115	In115_m1	0.999999	beta-
Cd115_m1	In115	0.999894	beta-
Cd115_m1	In115_m1	0.0001058	beta-
Cd116	Sn116	1	beta-
Cd117	In117	0.0834207	beta-
Cd117	In117_m1	0.916579	beta-
Cd117_m1	In117	0.990063	beta-
Cd117_m1	In117_m1	0.0099373	beta-
Cd118	In118	1	beta-
Cd119	In119	0.0972575	beta-
Cd119	In119_m1	0.902743	beta-
Cd119_m1	In119	0.998187	beta-
Cd119_m1	In119_m1	0.0018127	beta-
Cd120	In120	1	beta-
Cd121	In121	0.325642	beta-
Cd121	In121_m1	0.674358	beta-
Cd121_m1	In121	1	beta-
Cd122	In122	1	beta-
Cd123	In123	0.309755	beta-
Cd123	In123_m1	0.690245	beta-
Cd123_m1	In123	0.983421	beta-
Cd123_m1	In123_m1	0.0165787	beta-
Cd124	In124	1	beta-
Cd125	In125	0.45857	beta-
Cd125	In125_m1	0.54143	beta-
Cd125_m1	In125	1	beta-
Cd126	In126	1	beta-
Cd127	In126	0.00055464	beta-
Cd127	In127	0.999445	beta-
Cd128	In127	0.0098411	beta-
Cd128	In128	0.990159	beta-
Cd129	In128	0.0025427	beta-
Cd129	In129	0.997457	beta-
Cd130	In129	0.035	beta-
Cd130	In130	0.965	beta-
Cd131	In129	7.7455e-10	beta-
Cd131	In130	0.68179	beta-
Cd131	In131	0.31821	beta-
Cd132	In130	0.001511	beta-
Cd132	In131	0.998489	beta-
Cd132	In132	4.01154e-17	beta-
Cd95	Ag95	0.5	ec/beta+
Cd95	Pd94	0.5	ec/beta+
Cd96	Ag96	1	ec/beta+
Cd97	Ag97	0.5	ec/beta+
Cd97	Pd96	0.5	ec/beta+
Cd98	Ag98	1	ec/beta+
Cd99	Ag99	0.998299	ec/beta+
Cd99	Pd98	0.0017	ec/beta+
Cd99	Rh95	1e-06	ec/beta+
Ce119	La119	1	ec/beta+
Ce120	La120	1	ec/beta+
Ce121	Ba120	0.01	ec/beta+
Ce121	La121	0.99	ec/beta+
Ce122	Ba121	0.5	ec/beta+
Ce122	La122	0.5	ec/beta+
Ce123	La123	1	ec/beta+
Ce124	La124	1	ec/beta+
Ce125	La125	1	ec/beta+
Ce126	La126	1	ec/beta+
Ce127	La127	1	ec/beta+
Ce127_m1	La127	1	ec/beta+
Ce128	La128	1	ec/beta+
Ce129	La129	1	ec/beta+
Ce130	La130	1	ec/beta+
Ce131	La131	1	ec/beta+
Ce131_m1	La131	1	ec/beta+
Ce132	La132	1	ec/beta+
Ce132_m1	Ce132	1	IT
Ce133	La133	1	ec/beta+
Ce133_m1	La133	1	ec/beta+
Ce134	La134	1	ec/beta+
Ce135	La135	1	ec/beta+
Ce135_m1	Ce135	1	IT
Ce137	La137	1	ec/beta+
Ce137_m1	Ce137	0.9921	IT
Ce137_m1	La137	0.0079	ec/beta+
Ce138_m1	Ce138	1	IT
Ce139	La139	1	ec/beta+
Ce139_m1	Ce139	1	IT
Ce141	Pr141	1	beta-
Ce143	Pr143	1	beta-
Ce144	Pr144	0.990452	beta-
Ce144	Pr144_m1	0.0095478	beta-
Ce145	Pr145	1	beta-
Ce146	Pr146	1	beta-
Ce147	Pr147	1	beta-
Ce148	Pr148	1	beta-
Ce149	Pr149	1	beta-
Ce150	Pr150	1	beta-
Ce151	Pr151	1	beta-
Ce152	Pr152	1	beta-
Ce153	Pr152	8.3773e-05	beta-
Ce153	Pr153	0.999916	beta-
Ce154	Pr153	0.0001431	beta-
Ce154	Pr154	0.999857	beta-
Ce155	Pr154	0.0011483	beta-
Ce155	Pr155	0.998852	beta-
Ce156	Pr155	0.006279	beta-
Ce156	Pr156	0.993721	beta-
Ce157	Pr156	0.017793	beta-
Ce157	Pr157	0.982207	beta-
Cf239	Bk239	0.5	ec/beta+
Cf239	Cm235	0.5	alpha
Cf240	Cm236	0.98	alpha
Cf241	Bk241	0.75	ec/beta+
Cf241	Cm237	0.25	alpha
Cf242	Bk242	0.19998	ec/beta+
Cf242	Cm238	0.79992	alpha
Cf243	Bk243	0.86	ec/beta+
Cf243	Cm239	0.14	alpha
Cf244	Cm240	1	alpha
Cf245	Bk245	0.64	ec/beta+
Cf245	Cm241	0.36	alpha
Cf246	Cm242	0.999998	alpha
Cf247	Bk247	0.99965	ec/beta+
Cf247	Cm243	0.00035	alpha
Cf248	Cm244	0.999971	alpha
Cf249	Cm245	1	alpha
Cf250	Cm246	0.99923	alpha
Cf251	Cm247	1	alpha
Cf252	Cm248	0.96908	alpha
Cf253	Cm249	0.0031	alpha
Cf253	Es253	0.9969	beta-
Cf254	Cm250	0.0031	alpha
Cf255	Es255	1	beta-
Cf256	Cm252	1e-09	alpha
Cl28	S27	1	p
Cl29	S28	1	p
Cl30	S29	1	p
Cl31	P30	0.007	ec/beta+
Cl31	S31	0.993	ec/beta+
Cl32	P31	0.0003	ec/beta+
Cl32	S32	0.9992	ec/beta+
Cl32	Si28	0.0005	ec/beta+
Cl33	S33	1	ec/beta+
Cl34	S34	1	ec/beta+
Cl34_m1	Cl34	0.446	IT
Cl34_m1	S34	0.554	ec/beta+
Cl36	Ar36	0.981	beta-
Cl36	S36	0.019	ec/beta+
Cl38	Ar38	1	beta-
Cl38_m1	Cl38	1	IT
Cl39	Ar39	1	beta-
Cl40	Ar40	1	beta-
Cl41	Ar41	1	beta-
Cl42	Ar42	1	beta-
Cl43	Ar43	1	beta-
Cl44	Ar43	0.08	beta-
Cl44	Ar44	0.92	beta-
Cl45	Ar44	0.24	beta-
Cl45	Ar45	0.76	beta-
Cl46	Ar45	0.6	beta-
Cl46	Ar46	0.4	beta-
Cl47	Ar47	1	beta-
Cl48	Ar48	1	beta-
Cl49	Ar49	1	beta-
Cl50	Ar50	1	beta-
Cl51	Ar51	1	beta-
Cm233	Am233	0.5	ec/beta+
Cm233	Pu229	0.5	alpha
Cm234	Am234	0.2	ec/beta+
Cm234	Pu230	0.4	alpha
Cm235	Am235	0.5	ec/beta+
Cm235	Pu231	0.5	alpha
Cm236	Am236	0.5	ec/beta+
Cm236	Pu232	0.5	alpha
Cm237	Am237	0.5	ec/beta+
Cm237	Pu233	0.5	alpha
Cm238	Am238	0.9	ec/beta+
Cm238	Pu234	0.1	alpha
Cm239	Am239	0.999001	ec/beta+
Cm239	Pu235	0.000999001	alpha
Cm240	Pu236	1	alpha
Cm241	Am241	0.99	ec/beta+
Cm241	Pu237	0.01	alpha
Cm242	Pu238	1	alpha
Cm243	Am243	0.0029	ec/beta+
Cm243	Pu239	0.9971	alpha
Cm244	Pu240	0.999999	alpha
Cm245	Pu241	1	alpha
Cm246	Pu242	0.999739	alpha
Cm247	Pu243	1	alpha
Cm248	Pu244	0.9161	alpha
Cm249	Bk249	1	beta-
Cm250	Bk250	0.08	beta-
Cm250	Pu246	0.18	alpha
Cm251	Bk251	1	beta-
Co49	Fe48	0.5	p
Co49	Fe49	0.5	ec/beta+
Co50	Fe50	0.46	ec/beta+
Co50	Mn49	0.54	ec/beta+
Co51	Fe51	1	ec/beta+
Co52	Fe52	1	ec/beta+
Co53	Fe53	1	ec/beta+
Co53_m1	Fe52	0.015	p
Co53_m1	Fe53	0.985	ec/beta+
Co54	Fe54	1	ec/beta+
Co54_m1	Fe54	1	ec/beta+
Co55	Fe55	1	ec/beta+
Co56	Fe56	1	ec/beta+
Co57	Fe57	1	ec/beta+
Co58	Fe58	1	ec/beta+
Co58_m1	Co58	1	IT
Co60	Ni60	1	beta-
Co60_m1	Co60	0.9976	IT
Co60_m1	Ni60	0.0024	beta-
Co61	Ni61	1	beta-
Co62	Ni62	1	beta-
Co62_m1	Co62	0.01	IT
Co62_m1	Ni62	0.99	beta-
Co63	Ni63	1	beta-
Co64	Ni64	1	beta-
Co65	Ni65	1	beta-
Co66	Ni66	1	beta-
Co67	Ni67	1	beta-
Co68	Ni68	1	beta-
Co68_m1	Ni68	1	beta-
Co69	Ni69	1	beta-
Co70	Ni70	1	beta-
Co70_m1	Ni70	1	beta-
Co71	Ni70	0.0261	beta-
Co71	Ni71	0.9739	beta-
Co72	Ni70	0.00019719	beta-
Co72	Ni71	0.0578168	beta-
Co72	Ni72	0.941986	beta-
Co73	Ni71	1.0121e-06	beta-
Co73	Ni72	0.053207	beta-
Co73	Ni73	0.946792	beta-
Co74	Ni72	0.0040098	beta-
Co74	Ni73	0.0887282	beta-
Co74	Ni74	0.907262	beta-
Co75	Ni73	0.00092415	beta-
Co75	Ni74	0.0706639	beta-
Co75	Ni75	0.928412	beta-
Cr42	V42	1	ec/beta+
Cr43	Ti42	0.23	ec/beta+
Cr43	V43	0.77	ec/beta+
Cr44	Ti43	0.07	ec/beta+
Cr44	V44	0.93	ec/beta+
Cr45	Ti44	0.344	ec/beta+
Cr45	V45	0.656	ec/beta+
Cr46	V46	1	ec/beta+
Cr47	V47	1	ec/beta+
Cr48	V48	1	ec/beta+
Cr49	V49	1	ec/beta+
Cr51	V51	1	ec/beta+
Cr55	Mn55	1	beta-
Cr56	Mn56	1	beta-
Cr57	Mn57	1	beta-
Cr58	Mn58	1	beta-
Cr59	Mn59	1	beta-
Cr60	Mn60	1	beta-
Cr61	Mn61	1	beta-
Cr62	Mn62	1	beta-
Cr63	Mn63	1	beta-
Cr64	Mn64	1	beta-
Cr65	Mn65	1	beta-
Cr66	Mn66	1	beta-
Cr67	Mn67	1	beta-
Cs112	Xe111	1	p
Cs113	Xe112	1	p
Cs114	I110	0.0002	alpha
Cs114	I113	0.087	ec/beta+
Cs114	Te110	0.0019	ec/beta+
Cs114	Xe114	0.9109	ec/beta+
Cs115	I114	0.0007	ec/beta+
Cs115	Xe115	0.9993	ec/beta+
Cs116	I115	0.028	ec/beta+
Cs116	Te112	0.0005	ec/beta+
Cs116	Xe116	0.9715	ec/beta+
Cs116_m1	I115	0.0051	ec/beta+
Cs116_m1	Te112	8e-05	ec/beta+
Cs116_m1	Xe116	0.99482	ec/beta+
Cs117	Xe117	1	ec/beta+
Cs117_m1	Xe117	1	ec/beta+
Cs118	I117	0.0004	ec/beta+
Cs118	Te114	2.4e-05	ec/beta+
Cs118	Xe118	0.999576	ec/beta+
Cs118_m1	I117	0.0004	ec/beta+
Cs118_m1	Te114	2.4e-05	ec/beta+
Cs118_m1	Xe118	0.999576	ec/beta+
Cs119	Xe119	1	ec/beta+
Cs119_m1	Xe119	1	ec/beta+
Cs120	I119	7e-08	ec/beta+
Cs120	Te116	2e-07	ec/beta+
Cs120	Xe120	1	ec/beta+
Cs120_m1	Xe120	1	ec/beta+
Cs121	Xe121	1	ec/beta+
Cs121_m1	Cs121	0.17	IT
Cs121_m1	Xe121	0.83	ec/beta+
Cs122	Xe122	1	ec/beta+
Cs122_m1	Cs122	1	IT
Cs122_m2	Xe122	1	ec/beta+
Cs123	Xe123	1	ec/beta+
Cs123_m1	Cs123	1	IT
Cs124	Xe124	1	ec/beta+
Cs124_m1	Cs124	1	IT
Cs125	Xe125	1	ec/beta+
Cs125_m1	Cs125	1	IT
Cs126	Xe126	1	ec/beta+
Cs127	Xe127	1	ec/beta+
Cs128	Xe128	1	ec/beta+
Cs129	Xe129	1	ec/beta+
Cs130	Ba130	0.016	beta-
Cs130	Xe130	0.984	ec/beta+
Cs130_m1	Cs130	0.9984	IT
Cs130_m1	Xe130	0.0016	ec/beta+
Cs131	Xe131	1	ec/beta+
Cs132	Ba132	0.0187	beta-
Cs132	Xe132	0.9813	ec/beta+
Cs134	Ba134	0.999997	beta-
Cs134	Xe134	3e-06	ec/beta+
Cs134_m1	Cs134	1	IT
Cs135	Ba135	1	beta-
Cs135_m1	Cs135	1	IT
Cs136	Ba136	0.889256	beta-
Cs136	Ba136_m1	0.110744	beta-
Cs136_m1	Ba136	0.5	beta-
Cs136_m1	Cs136	0.5	IT
Cs137	Ba137	0.0530055	beta-
Cs137	Ba137_m1	0.946994	beta-
Cs138	Ba138	1	beta-
Cs138_m1	Ba138	0.19	beta-
Cs138_m1	Cs138	0.81	IT
Cs139	Ba139	1	beta-
Cs140	Ba140	1	beta-
Cs141	Ba140	0.00035	beta-
Cs141	Ba141	0.99965	beta-
Cs142	Ba141	0.0009	beta-
Cs142	Ba142	0.9991	beta-
Cs143	Ba142	0.0164	beta-
Cs143	Ba143	0.9836	beta-
Cs144	Ba143	0.0303	beta-
Cs144	Ba144	0.9697	beta-
Cs144_m1	Ba144	1	beta-
Cs145	Ba144	0.147	beta-
Cs145	Ba145	0.853	beta-
Cs146	Ba145	0.142	beta-
Cs146	Ba146	0.858	beta-
Cs147	Ba146	0.285	beta-
Cs147	Ba147	0.715	beta-
Cs148	Ba146	0.00017256	beta-
Cs148	Ba147	0.218447	beta-
Cs148	Ba148	0.78138	beta-
Cs149	Ba147	4.0978e-07	beta-
Cs149	Ba148	0.68845	beta-
Cs149	Ba149	0.31155	beta-
Cs150	Ba148	0.0031092	beta-
Cs150	Ba149	0.838231	beta-
Cs150	Ba150	0.15866	beta-
Cs151	Ba149	0.0005224	beta-
Cs151	Ba150	0.858688	beta-
Cs151	Ba151	0.14079	beta-
Cu52	Ni51	1	p
Cu53	Ni52	0.5	p
Cu53	Ni53	0.5	ec/beta+
Cu54	Ni53	1	p
Cu55	Ni54	0.5	p
Cu55	Ni55	0.5	ec/beta+
Cu56	Ni56	1	ec/beta+
Cu57	Ni57	1	ec/beta+
Cu58	Ni58	1	ec/beta+
Cu59	Ni59	1	ec/beta+
Cu60	Ni60	1	ec/beta+
Cu61	Ni61	1	ec/beta+
Cu62	Ni62	1	ec/beta+
Cu64	Ni64	0.615	ec/beta+
Cu64	Zn64	0.385	beta-
Cu66	Zn66	1	beta-
Cu67	Zn67	1	beta-
Cu68	Zn68	1	beta-
Cu68_m1	Cu68	0.84	IT
Cu68_m1	Zn68	0.16	beta-
Cu69	Zn69	1	beta-
Cu70	Zn70	1	beta-
Cu70_m1	Cu70	0.48	IT
Cu70_m1	Zn70	0.52	beta-
Cu70_m2	Cu70	0.068	IT
Cu70_m2	Zn70	0.932	beta-
Cu71	Zn71	1	beta-
Cu72	Zn72	1	beta-
Cu73	Zn72	0.00029	beta-
Cu73	Zn73	0.99971	beta-
Cu74	Zn73	0.00075	beta-
Cu74	Zn74	0.99925	beta-
Cu75	Zn74	0.035	beta-
Cu75	Zn75	0.965	beta-
Cu76	Zn75	0.03	beta-
Cu76	Zn76	0.97	beta-
Cu76_m1	Zn76	1	beta-
Cu77	Zn76	0.175	beta-
Cu77	Zn77	0.825	beta-
Cu78	Zn76	0.0002166	beta-
Cu78	Zn77	0.370373	beta-
Cu78	Zn78	0.62941	beta-
Cu79	Zn78	0.55	beta-
Cu79	Zn79	0.45	beta-
Cu80	Zn78	0.062368	beta-
Cu80	Zn79	0.516392	beta-
Cu80	Zn80	0.42124	beta-
Cu81	Zn78	1.9234e-07	beta-
Cu81	Zn79	0.0503838	beta-
Cu81	Zn80	0.949616	beta-
Db255	Lr251	0.8	alpha
Db256	Lr252	0.639872	alpha
Db256	Rf256	0.359928	ec/beta+
Db257	Lr253	0.94	alpha
Db257_m1	Lr253	0.87	alpha
Db258	Lr254	0.663366	alpha
Db258	Rf258	0.326733	ec/beta+
Db258_m1	Rf258	1	ec/beta+
Db259	Lr255	1	alpha
Db260	Lr256	0.881951	alpha
Db260	Rf260	0.0243902	ec/beta+
Db261	Lr257	0.82	alpha
Db262	Lr258	0.67	alpha
Db263	Lr259	0.414141	alpha
Db263	Rf263	0.030303	ec/beta+
Db264	Lr260	1	alpha
Db265	Lr261	1	alpha
Ds267	Hs263	1	alpha
Ds268	Hs264	1	alpha
Ds269	Hs265	1	alpha
Ds270	Hs266	0.998	alpha
Ds270_m1	Ds270	0.3	IT
Ds270_m1	Hs266	0.7	alpha
Ds271	Hs267	1	alpha
Ds271_m1	Hs267	1	alpha
Ds273	Hs269	1	alpha
Ds279_m1	Hs275	0.1	alpha
Dy138	Tb138	1	ec/beta+
Dy139	Gd138	0.5	ec/beta+
Dy139	Tb139	0.5	ec/beta+
Dy140	Tb140	1	ec/beta+
Dy141	Tb141	1	ec/beta+
Dy142	Gd141	0.0006	ec/beta+
Dy142	Tb142	0.9994	ec/beta+
Dy143	Tb143	1	ec/beta+
Dy143_m1	Tb143	1	ec/beta+
Dy144	Tb144	1	ec/beta+
Dy145	Gd144	0.5	ec/beta+
Dy145	Tb145	0.5	ec/beta+
Dy145_m1	Gd144	0.5	ec/beta+
Dy145_m1	Tb145	0.5	ec/beta+
Dy146	Tb146	1	ec/beta+
Dy146_m1	Dy146	1	IT
Dy147	Tb147	1	ec/beta+
Dy147_m1	Dy147	0.35	IT
Dy147_m1	Tb147	0.65	ec/beta+
Dy148	Tb148	1	ec/beta+
Dy149	Tb149	1	ec/beta+
Dy149_m1	Dy149	0.993	IT
Dy149_m1	Tb149_m1	0.007	ec/beta+
Dy150	Gd146	0.36	alpha
Dy150	Tb150	0.64	ec/beta+
Dy151	Gd147	0.056	alpha
Dy151	Tb151	0.944	ec/beta+
Dy152	Gd148	0.001	alpha
Dy152	Tb152	0.999	ec/beta+
Dy153	Gd149	9.4e-05	alpha
Dy153	Tb153	0.999906	ec/beta+
Dy154	Gd150	1	alpha
Dy155	Tb155	1	ec/beta+
Dy157	Tb157	1	ec/beta+
Dy157_m1	Dy157	1	IT
Dy159	Tb159	1	ec/beta+
Dy165	Ho165	1	beta-
Dy165_m1	Dy165	0.9776	IT
Dy165_m1	Ho165	0.0224	beta-
Dy166	Ho166	1	beta-
Dy167	Ho167	1	beta-
Dy168	Ho168	1	beta-
Dy169	Ho169	1	beta-
Dy170	Ho170	1	beta-
Dy171	Ho171	1	beta-
Dy172	Ho172	1	beta-
Dy173	Ho173	1	beta-
Er143	Ho143	1	ec/beta+
Er144	Ho144	1	ec/beta+
Er146	Dy145	1	ec/beta+
Er147	Ho147	1	ec/beta+
Er147_m1	Ho147	1	ec/beta+
Er148	Ho148	1	ec/beta+
Er149	Dy148	0.07	ec/beta+
Er149	Ho149	0.93	ec/beta+
Er149_m1	Dy148	0.0017	ec/beta+
Er149_m1	Er149	0.035	IT
Er149_m1	Ho149	0.9633	ec/beta+
Er150	Ho150	1	ec/beta+
Er151	Ho151	1	ec/beta+
Er151_m1	Er151	0.953	IT
Er151_m1	Ho151	0.047	ec/beta+
Er152	Dy148	0.9	alpha
Er152	Ho152	0.1	ec/beta+
Er153	Dy149	0.53	alpha
Er153	Ho153	0.47	ec/beta+
Er154	Dy150	0.0047	alpha
Er154	Ho154	0.9953	ec/beta+
Er155	Dy151	0.0002	alpha
Er155	Ho155	0.9998	ec/beta+
Er156	Ho156	0.0220779	ec/beta+
Er156	Ho156_m1	0.977922	ec/beta+
Er157	Ho157	1	ec/beta+
Er157_m1	Er157	1	IT
Er158	Ho158	1	ec/beta+
Er159	Ho159	0.761001	ec/beta+
Er159	Ho159_m1	0.238999	ec/beta+
Er160	Ho160	1	ec/beta+
Er161	Ho161	1	ec/beta+
Er163	Ho163	0.999987	ec/beta+
Er163	Ho163_m1	1.35e-05	ec/beta+
Er165	Ho165	1	ec/beta+
Er167_m1	Er167	1	IT
Er169	Tm169	1	beta-
Er171	Tm171	1	beta-
Er172	Tm172	1	beta-
Er173	Tm173	1	beta-
Er174	Tm174	1	beta-
Er175	Tm175	1	beta-
Er176	Tm176	1	beta-
Er177	Tm177	1	beta-
Es240	Bk236	0.5	alpha
Es240	Cf240	0.5	ec/beta+
Es241	Bk237	0.5	alpha
Es241	Cf241	0.5	ec/beta+
Es242	Bk238	0.57	alpha
Es242	Cf242	0.43	ec/beta+
Es243	Bk239	0.3	alpha
Es243	Cf243	0.7	ec/beta+
Es244	Bk240	0.04	alpha
Es244	Cf244	0.96	ec/beta+
Es245	Bk241	0.4	alpha
Es245	Cf245	0.6	ec/beta+
Es246	Bk242	0.098997	alpha
Es246	Cf246	2.99991e-05	ec/beta+
Es246	Cf246	0.900973	ec/beta+
Es247	Bk243	0.07	alpha
Es247	Cf247	0.93	ec/beta+
Es247_m1	Bk243	1	alpha
Es248	Bk244	0.00250125	alpha
Es248	Cf248	0.997499	ec/beta+
Es249	Bk245	0.0057	alpha
Es249	Cf249	0.9943	ec/beta+
Es250	Bk246	0.03	alpha
Es250	Cf250	0.97	ec/beta+
Es250_m1	Cf250	1	ec/beta+
Es251	Bk247	0.005	alpha
Es251	Cf251	0.995	ec/beta+
Es252	Bk248	0.78	alpha
Es252	Cf252	0.22	ec/beta+
Es253	Bk249	1	alpha
Es254	Bk250	1	alpha
Es254_m1	Bk250	0.0032	alpha
Es254_m1	Cf254	0.0008	ec/beta+
Es254_m1	Es254	0.0155	IT
Es254_m1	Fm254	0.98	beta-
Es255	Bk251	0.0799967	alpha
Es255	Fm255	0.919962	beta-
Es256	Fm256	1	beta-
Es256_m1	Fm256	1	beta-
Es257	Fm257	0.5	beta-
Es258	Bk254	0.5	alpha
Es258	Cf258	0.5	ec/beta+
Eu130	Sm129	1	p
Eu131	Sm130	0.89	p
Eu131	Sm131	0.11	ec/beta+
Eu132	Sm131	0.5	p
Eu132	Sm132	0.5	ec/beta+
Eu133	Sm133	1	ec/beta+
Eu134	Sm134	1	ec/beta+
Eu135	Sm135	1	ec/beta+
Eu136	Sm136	1	ec/beta+
Eu136_m1	Pm135	0.0009	ec/beta+
Eu136_m1	Sm136	0.9991	ec/beta+
Eu136_m2	Pm135	1	ec/beta+
Eu137	Sm137	1	ec/beta+
Eu138	Sm138	1	ec/beta+
Eu139	Sm139	1	ec/beta+
Eu140	Sm140	1	ec/beta+
Eu140_m1	Eu140	0.99	IT
Eu140_m1	Sm140	0.01	ec/beta+
Eu141	Sm141	0.978912	ec/beta+
Eu141	Sm141_m1	0.0210882	ec/beta+
Eu141_m1	Eu141	0.87	IT
Eu141_m1	Sm141	0.13	ec/beta+
Eu142	Sm142	1	ec/beta+
Eu142_m1	Sm142	1	ec/beta+
Eu143	Sm143	0.998799	ec/beta+
Eu143	Sm143_m1	0.0012014	ec/beta+
Eu144	Sm144	1	ec/beta+
Eu145	Sm145	1	ec/beta+
Eu146	Sm146	1	ec/beta+
Eu147	Pm143	2.2e-05	alpha
Eu147	Sm147	0.999978	ec/beta+
Eu148	Pm144	9.4e-09	alpha
Eu148	Sm148	1	ec/beta+
Eu149	Sm149	1	ec/beta+
Eu150	Sm150	1	ec/beta+
Eu150_m1	Gd150	0.89	beta-
Eu150_m1	Sm150	0.11	ec/beta+
Eu152	Gd152	0.279	beta-
Eu152	Sm152	0.721	ec/beta+
Eu152_m1	Gd152	0.73	beta-
Eu152_m1	Sm152	0.27	ec/beta+
Eu152_m2	Eu152	1	IT
Eu154	Gd154	0.99982	beta-
Eu154	Sm154	0.00018	ec/beta+
Eu154_m1	Eu154	1	IT
Eu155	Gd155	1	beta-
Eu156	Gd156	1	beta-
Eu157	Gd157	1	beta-
Eu158	Gd158	1	beta-
Eu159	Gd159	1	beta-
Eu160	Gd160	1	beta-
Eu161	Gd161	1	beta-
Eu162	Gd162	1	beta-
Eu163	Gd163	1	beta-
Eu164	Gd164	1	beta-
Eu165	Gd164	0.0027536	beta-
Eu165	Gd165	0.997246	beta-
Eu166	Gd166	1	beta-
Eu167	Gd167	1	beta-
F14	O13	1	p
F15	O14	1	p
F16	O15	1	p
F17	O17	1	ec/beta+
F18	O18	1	ec/beta+
F20	Ne20	1	beta-
F21	Ne21	1	beta-
F22	Ne22	1	beta-
F23	Ne23	1	beta-
F24	Ne23	0.059	beta-
F24	Ne24	0.941	beta-
F25	Ne24	0.14	beta-
F25	Ne25	0.86	beta-
F26	Ne25	0.11	beta-
F26	Ne26	0.89	beta-
F27	Ne26	0.77	beta-
F27	Ne27	0.23	beta-
F28	Ne28	1	beta-
F29	Ne28	1	beta-
F30	F29	1	n
F31	Ne30	0.5	beta-
F31	Ne31	0.5	beta-
Fe45	Cr44	1	ec/beta+
Fe46	Cr45	0.787	ec/beta+
Fe46	Mn46	0.213	ec/beta+
Fe47	Cr46	0.884	ec/beta+
Fe47	Mn47	0.116	ec/beta+
Fe48	Cr47	0.036	ec/beta+
Fe48	Mn48	0.964	ec/beta+
Fe49	Cr48	0.567	ec/beta+
Fe49	Mn49	0.433	ec/beta+
Fe50	Mn50	1	ec/beta+
Fe51	Mn51	1	ec/beta+
Fe52	Mn52_m1	1	ec/beta+
Fe52_m1	Mn52	1	ec/beta+
Fe53	Mn53	1	ec/beta+
Fe53_m1	Fe53	1	IT
Fe55	Mn55	1	ec/beta+
Fe59	Co59	1	beta-
Fe60	Co60_m1	1	beta-
Fe61	Co61	1	beta-
Fe62	Co62	1	beta-
Fe63	Co63	1	beta-
Fe64	Co64	1	beta-
Fe65	Co65	1	beta-
Fe65_m1	Co65	1	beta-
Fe66	Co66	1	beta-
Fe67	Co67	1	beta-
Fe68	Co68	1	beta-
Fe69	Co69	1	beta-
Fe70	Co70	1	beta-
Fe71	Co71	1	beta-
Fe72	Co71	0.276	beta-
Fe72	Co72	0.724	beta-
Fm243	Cf239	1	alpha
Fm245	Cf241	0.999001	alpha
Fm246	Cf242	0.910891	alpha
Fm246	Es246	0.00990099	ec/beta+
Fm247	Cf243	0.5	alpha
Fm247	Es247	0.5	ec/beta+
Fm248	Cf244	0.929071	alpha
Fm248	Es248	0.0699301	ec/beta+
Fm249	Cf245	0.33	alpha
Fm249	Es249	0.67	ec/beta+
Fm250	Cf246	0.899938	alpha
Fm250	Es250	0.0999931	ec/beta+
Fm250_m1	Cf246	0.2	alpha
Fm250_m1	Fm250	0.799999	IT
Fm251	Cf247	0.018	alpha
Fm251	Es251	0.982	ec/beta+
Fm252	Cf248	0.999977	alpha
Fm253	Cf249	0.12	alpha
Fm253	Es253	0.88	ec/beta+
Fm254	Cf250	0.999408	alpha
Fm255	Cf251	1	alpha
Fm256	Cf252	0.081	alpha
Fm257	Cf253	0.9979	alpha
Fr199	At195	1	alpha
Fr200	At196	1	alpha
Fr201	At197	1	alpha
Fr202	At198	1	alpha
Fr202_m1	At198	1	alpha
Fr203	At199	1	alpha
Fr204	At200	0.8	alpha
Fr204	Rn204	0.2	ec/beta+
Fr204_m1	At200	1	alpha
Fr204_m2	At200	0.99	alpha
Fr204_m2	Fr204	0.01	IT
Fr205	At201	1	alpha
Fr206	At202	0.84	alpha
Fr206	Rn206	0.16	ec/beta+
Fr206_m1	At202	0.84	alpha
Fr206_m1	Rn206	0.16	ec/beta+
Fr206_m2	At202	0.05	alpha
Fr206_m2	Fr206	0.95	IT
Fr207	At203	0.95	alpha
Fr207	Rn207	0.05	ec/beta+
Fr208	At204	0.89	alpha
Fr208	Rn208	0.11	ec/beta+
Fr209	At205	0.89	alpha
Fr209	Rn209	0.11	ec/beta+
Fr210	At206	0.6	alpha
Fr210	Rn210	0.4	ec/beta+
Fr211	At207	0.8	alpha
Fr211	Rn211	0.2	ec/beta+
Fr212	At208	0.43	alpha
Fr212	Rn212	0.57	ec/beta+
Fr213	At209	0.9944	alpha
Fr213	Rn213	0.0056	ec/beta+
Fr214	At210	1	alpha
Fr214_m1	At210	1	alpha
Fr215	At211	1	alpha
Fr216	At212	1	alpha
Fr217	At213	1	alpha
Fr218	At214	1	alpha
Fr218_m1	At214	1	alpha
Fr219	At215	1	alpha
Fr220	At216	0.9965	alpha
Fr220	Ra220	0.0035	beta-
Fr221	At217	1	alpha
Fr222	Ra222	1	beta-
Fr223	At219	6e-05	alpha
Fr223	Ra223	0.99994	beta-
Fr224	Ra224	1	beta-
Fr225	Ra225	1	beta-
Fr226	Ra226	1	beta-
Fr227	Ra227	1	beta-
Fr228	Ra228	1	beta-
Fr229	Ra229	1	beta-
Fr230	Ra230	1	beta-
Fr231	Ra231	1	beta-
Fr232	Ra232	1	beta-
Ga56	Zn55	1	p
Ga57	Zn56	1	p
Ga58	Zn57	1	p
Ga59	Zn58	1	p
Ga60	Zn60	1	ec/beta+
Ga61	Zn61	1	ec/beta+
Ga62	Zn62	1	ec/beta+
Ga63	Zn63	1	ec/beta+
Ga64	Zn64	1	ec/beta+
Ga65	Zn65	1	ec/beta+
Ga66	Zn66	1	ec/beta+
Ga67	Zn67	1	ec/beta+
Ga68	Zn68	1	ec/beta+
Ga70	Ge70	0.9959	beta-
Ga70	Zn70	0.0041	ec/beta+
Ga72	Ge72	1	beta-
Ga72_m1	Ga72	1	IT
Ga73	Ge73	0.014769	beta-
Ga73	Ge73_m1	0.985231	beta-
Ga74	Ge74	1	beta-
Ga74_m1	Ga74	0.75	IT
Ga74_m1	Ge74	0.25	beta-
Ga75	Ge75	0.963239	beta-
Ga75	Ge75_m1	0.0367614	beta-
Ga76	Ge76	1	beta-
Ga77	Ge77	1	beta-
Ga78	Ge78	1	beta-
Ga79	Ge78	0.00089	beta-
Ga79	Ge79	0.949447	beta-
Ga79	Ge79_m1	0.0496628	beta-
Ga80	Ge79	0.0086	beta-
Ga80	Ge80	0.9914	beta-
Ga81	Ge80	0.119	beta-
Ga81	Ge81	0.466229	beta-
Ga81	Ge81_m1	0.414771	beta-
Ga82	Ge80	1.3968e-09	beta-
Ga82	Ge81	0.10935	beta-
Ga82	Ge82	0.89065	beta-
Ga83	Ge81	2.0479e-07	beta-
Ga83	Ge82	0.74327	beta-
Ga83	Ge83	0.25673	beta-
Ga84	Ge82	0.00847	beta-
Ga84	Ge83	0.15133	beta-
Ga84	Ge84	0.8402	beta-
Ga85	Ge82	6.4455e-09	beta-
Ga85	Ge83	0.00770719	beta-
Ga85	Ge84	0.992293	beta-
Ga86	Ge83	3.1656e-05	beta-
Ga86	Ge84	0.0534873	beta-
Ga86	Ge85	0.708953	beta-
Ga86	Ge86	0.237528	beta-
Gd134	Eu134	1	ec/beta+
Gd135	Eu135	0.82	ec/beta+
Gd135	Sm134	0.18	ec/beta+
Gd136	Eu136	1	ec/beta+
Gd137	Eu137	1	ec/beta+
Gd138	Eu138	1	ec/beta+
Gd139	Eu139	1	ec/beta+
Gd139_m1	Eu139	1	ec/beta+
Gd140	Eu140	1	ec/beta+
Gd141	Eu141	1	ec/beta+
Gd141_m1	Eu141	0.89	ec/beta+
Gd141_m1	Gd141	0.11	IT
Gd142	Eu142	1	ec/beta+
Gd143	Eu143	1	ec/beta+
Gd143_m1	Eu143	1	ec/beta+
Gd144	Eu144	1	ec/beta+
Gd145	Eu145	1	ec/beta+
Gd145_m1	Eu145	0.057	ec/beta+
Gd145_m1	Gd145	0.943	IT
Gd146	Eu146	1	ec/beta+
Gd147	Eu147	1	ec/beta+
Gd148	Sm144	1	alpha
Gd149	Eu149	0.999566	ec/beta+
Gd149	Sm145	0.000434	alpha
Gd150	Sm146	1	alpha
Gd151	Eu151	1	ec/beta+
Gd151	Sm147	8e-09	alpha
Gd152	Sm148	1	alpha
Gd153	Eu153	1	ec/beta+
Gd155_m1	Gd155	1	IT
Gd159	Tb159	1	beta-
Gd161	Tb161	1	beta-
Gd162	Tb162	1	beta-
Gd163	Tb163	1	beta-
Gd164	Tb164	1	beta-
Gd165	Tb165	1	beta-
Gd166	Tb166	1	beta-
Gd167	Tb167	1	beta-
Gd168	Tb168	1	beta-
Gd169	Tb169	1	beta-
Ge58	Zn56	1	p
Ge59	Zn57	1	p
Ge60	Ga60	0.5	ec/beta+
Ge60	Zn58	0.5	p
Ge61	Ga61	0.2	ec/beta+
Ge61	Zn60	0.8	ec/beta+
Ge62	Ga62	1	ec/beta+
Ge63	Ga63	1	ec/beta+
Ge64	Ga64	1	ec/beta+
Ge65	Ga65	1	ec/beta+
Ge66	Ga66	1	ec/beta+
Ge67	Ga67	1	ec/beta+
Ge68	Ga68	1	ec/beta+
Ge69	Ga69	1	ec/beta+
Ge71	Ga71	1	ec/beta+
Ge71_m1	Ge71	1	IT
Ge73_m1	Ge73	1	IT
Ge75	As75	1	beta-
Ge75_m1	As75	0.0003	beta-
Ge75_m1	Ge75	0.9997	IT
Ge77	As77	1	beta-
Ge77_m1	As77	0.81	beta-
Ge77_m1	Ge77	0.19	IT
Ge78	As78	1	beta-
Ge79	As79	1	beta-
Ge79_m1	As79	0.96	beta-
Ge79_m1	Ge79	0.04	IT
Ge80	As80	1	beta-
Ge81	As81	1	beta-
Ge81_m1	As81	1	beta-
Ge82	As82	1	beta-
Ge83	As83	1	beta-
Ge84	As83	0.102	beta-
Ge84	As84	0.898	beta-
Ge85	As83	4.2038e-07	beta-
Ge85	As84	0.0141036	beta-
Ge85	As85	0.985896	beta-
Ge86	As85	0.051965	beta-
Ge86	As86	0.948035	beta-
Ge87	As85	0.00074846	beta-
Ge87	As86	0.0404905	beta-
Ge87	As87	0.958761	beta-
Ge88	As86	0.00017303	beta-
Ge88	As87	0.048203	beta-
Ge88	As88	0.951624	beta-
Ge89	As86	2.4776e-09	beta-
Ge89	As87	0.0082108	beta-
Ge89	As88	0.225939	beta-
Ge89	As89	0.76585	beta-
H3	He3	1	beta-
H4	H3	1	n
H5	H4	1	n
H6	H5	1	n
H7	H5	1	n
He10	He9	1	n
He6	Li6	1	beta-
He7	He6	1	n
He8	Li7	0.16	beta-
He8	Li8	0.84	beta-
He9	He8	1	n
Hf153	Lu153	1	ec/beta+
Hf154	Lu154	1	ec/beta+
Hf155	Lu155	1	ec/beta+
Hf156	Yb152	1	alpha
Hf157	Lu157	0.14	ec/beta+
Hf157	Yb153	0.86	alpha
Hf158	Lu158	0.557	ec/beta+
Hf158	Yb154	0.443	alpha
Hf159	Lu159	0.65	ec/beta+
Hf159	Yb155	0.35	alpha
Hf160	Lu160	0.993	ec/beta+
Hf160	Yb156	0.007	alpha
Hf161	Lu161	0.9987	ec/beta+
Hf161	Yb157	0.0013	alpha
Hf162	Lu162	0.99992	ec/beta+
Hf162	Yb158	8.00016e-05	alpha
Hf163	Lu163	0.999999	ec/beta+
Hf163	Yb159	9.99999e-07	alpha
Hf164	Lu164	1	ec/beta+
Hf165	Lu165	1	ec/beta+
Hf166	Lu166_m1	0.626174	ec/beta+
Hf166	Lu166_m2	0.373826	ec/beta+
Hf167	Lu167	1	ec/beta+
Hf168	Lu168	1	ec/beta+
Hf169	Lu169	1	ec/beta+
Hf170	Lu170	1	ec/beta+
Hf171	Lu171	1	ec/beta+
Hf171_m1	Hf171	1	IT
Hf172	Lu172_m1	1	ec/beta+
Hf173	Lu173	1	ec/beta+
Hf174	Yb170	1	alpha
Hf175	Lu175	1	ec/beta+
Hf177_m1	Hf177	1	IT
Hf177_m2	Hf177_m1	1	IT
Hf178_m1	Hf178	1	IT
Hf178_m2	Hf178_m1	1	IT
Hf179_m1	Hf179	1	IT
Hf179_m2	Hf179	1	IT
Hf180_m1	Hf180	0.997	IT
Hf180_m1	Ta180_m1	0.003	beta-
Hf181	Ta181	1	beta-
Hf182	Ta182	1	beta-
Hf182_m1	Hf182	0.46	IT
Hf182_m1	Ta182	0.430164	beta-
Hf182_m1	Ta182_m1	0.0353347	beta-
Hf182_m1	Ta182_m2	0.0745009	beta-
Hf183	Ta183	1	beta-
Hf184	Ta184	1	beta-
Hf184_m1	Hf184	1	IT
Hf185	Ta185	1	beta-
Hf186	Ta186	1	beta-
Hf187	Ta187	1	beta-
Hf188	Ta188	1	beta-
Hg171	Pt167	1	alpha
Hg172	Pt168	1	alpha
Hg173	Pt169	1	alpha
Hg174	Pt170	1	alpha
Hg175	Pt171	1	alpha
Hg176	Au176	0.06	ec/beta+
Hg176	Pt172	0.94	alpha
Hg177	Au177	0.15	ec/beta+
Hg177	Pt173	0.85	alpha
Hg178	Au178	0.3	ec/beta+
Hg178	Pt174	0.7	alpha
Hg179	Au179	0.4685	ec/beta+
Hg179	Pt175	0.53	alpha
Hg179	Pt178	0.0015	ec/beta+
Hg180	Au180	0.52	ec/beta+
Hg180	Pt176	0.48	alpha
Hg181	Au181	0.7299	ec/beta+
Hg181	Ir177	9e-08	ec/beta+
Hg181	Pt177	0.27	alpha
Hg181	Pt180	0.0001	ec/beta+
Hg182	Au182	0.848	ec/beta+
Hg182	Pt178	0.152	alpha
Hg183	Au183	0.882997	ec/beta+
Hg183	Pt179	0.117	alpha
Hg183	Pt182	2.6e-06	ec/beta+
Hg184	Au184	0.9889	ec/beta+
Hg184	Pt180	0.0111	alpha
Hg185	Au185	0.94	ec/beta+
Hg185	Pt181	0.06	alpha
Hg185_m1	Au185	0.45985	ec/beta+
Hg185_m1	Hg185	0.53985	IT
Hg185_m1	Pt181	0.0003	alpha
Hg186	Au186	0.99984	ec/beta+
Hg186	Pt182	0.00016	alpha
Hg187	Au187	0.999999	ec/beta+
Hg187	Pt183	1.2e-06	alpha
Hg187_m1	Au187	0.999996	ec/beta+
Hg187_m1	Pt183	3.7e-06	alpha
Hg188	Au188	1	ec/beta+
Hg188	Pt184	3.7e-07	alpha
Hg189	Au189	1	ec/beta+
Hg189	Pt185	3e-07	alpha
Hg189_m1	Au189	1	ec/beta+
Hg189_m1	Pt185	3e-07	alpha
Hg190	Au190	1	ec/beta+
Hg191	Au191	1	ec/beta+
Hg191_m1	Au191	1	ec/beta+
Hg192	Au192	1	ec/beta+
Hg193	Au193	1	ec/beta+
Hg193_m1	Au193	0.928	ec/beta+
Hg193_m1	Hg193	0.072	IT
Hg194	Au194	1	ec/beta+
Hg195	Au195	0.978072	ec/beta+
Hg195	Au195_m1	0.0219282	ec/beta+
Hg195_m1	Au195	0.458	ec/beta+
Hg195_m1	Hg195	0.542	IT
Hg197	Au197	1	ec/beta+
Hg197_m1	Au197_m1	0.086	ec/beta+
Hg197_m1	Hg197	0.914	IT
Hg199_m1	Hg199	1	IT
Hg203	Tl203	1	beta-
Hg205	Tl205	1	beta-
Hg205_m1	Hg205	1	IT
Hg206	Tl206	1	beta-
Hg207	Tl207	1	beta-
Hg208	Tl208	1	beta-
Hg209	Tl209	1	beta-
Hg210	Tl210	1	beta-
Ho140	Dy139	1	p
Ho141	Dy140	1	p
Ho142	Dy142	1	ec/beta+
Ho143	Dy143	0.5	ec/beta+
Ho143	Tb142	0.5	ec/beta+
Ho144	Dy144	1	ec/beta+
Ho145	Dy145	1	ec/beta+
Ho146	Dy146	1	ec/beta+
Ho147	Dy147	1	ec/beta+
Ho148	Dy148	1	ec/beta+
Ho148_m1	Dy148	0.9992	ec/beta+
Ho148_m1	Tb147	0.0008	ec/beta+
Ho148_m2	Ho148	1	IT
Ho149	Dy149	1	ec/beta+
Ho149_m1	Dy149	1	ec/beta+
Ho150	Dy150	1	ec/beta+
Ho150_m1	Dy150	1	ec/beta+
Ho151	Dy151	0.78	ec/beta+
Ho151	Tb147	0.22	alpha
Ho151_m1	Dy151	0.2	ec/beta+
Ho151_m1	Tb147	0.8	alpha
Ho152	Dy152	0.88	ec/beta+
Ho152	Tb148	0.12	alpha
Ho152_m1	Dy152	0.892	ec/beta+
Ho152_m1	Tb148_m1	0.108	alpha
Ho153	Dy153	0.99949	ec/beta+
Ho153	Tb149	0.00051	alpha
Ho153_m1	Dy153	0.9982	ec/beta+
Ho153_m1	Tb149	0.0018	alpha
Ho154	Dy154	0.9998	ec/beta+
Ho154	Tb150	0.0002	alpha
Ho154_m1	Dy154	0.99999	ec/beta+
Ho154_m1	Tb150	9.9999e-06	alpha
Ho155	Dy155	1	ec/beta+
Ho155_m1	Ho155	1	IT
Ho156	Dy156	1	ec/beta+
Ho156_m1	Ho156	1	IT
Ho156_m2	Dy156	0.75	ec/beta+
Ho156_m2	Ho156	0.25	IT
Ho157	Dy157	1	ec/beta+
Ho158	Dy158	1	ec/beta+
Ho158_m1	Dy158	0.19	ec/beta+
Ho158_m1	Ho158	0.81	IT
Ho158_m2	Dy158	0.93	ec/beta+
Ho158_m2	Ho158	0.07	IT
Ho159	Dy159	1	ec/beta+
Ho159_m1	Ho159	1	IT
Ho160	Dy160	1	ec/beta+
Ho160_m1	Dy160	0.27	ec/beta+
Ho160_m1	Ho160	0.73	IT
Ho160_m2	Ho160	1	IT
Ho161	Dy161	1	ec/beta+
Ho161_m1	Ho161	1	IT
Ho162	Dy162	1	ec/beta+
Ho162_m1	Dy162	0.38	ec/beta+
Ho162_m1	Ho162	0.62	IT
Ho163	Dy163	1	ec/beta+
Ho163_m1	Ho163	1	IT
Ho164	Dy164	0.6	ec/beta+
Ho164	Er164	0.4	beta-
Ho164_m1	Ho164	1	IT
Ho166	Er166	1	beta-
Ho166_m1	Er166	1	beta-
Ho167	Er167	0.880738	beta-
Ho167	Er167_m1	0.119262	beta-
Ho168	Er168	1	beta-
Ho168_m1	Ho168	1	IT
Ho169	Er169	1	beta-
Ho170	Er170	1	beta-
Ho170_m1	Er170	1	beta-
Ho171	Er171	1	beta-
Ho172	Er172	1	beta-
Ho173	Er173	1	beta-
Ho174	Er174	1	beta-
Ho175	Er175	1	beta-
Hs263	Sg259	1	alpha
Hs264	Sg260	0.5	alpha
Hs265	Sg261	0.990099	alpha
Hs265_m1	Sg261	1	alpha
Hs266	Sg262	0.986193	alpha
Hs267	Sg263	0.8	alpha
Hs268	Sg264	1	alpha
Hs269	Sg265	1	alpha
Hs273	Sg269	1	alpha
I108	Sb104	0.90099	alpha
I108	Te107	0.00990099	p
I108	Te108	0.0891089	ec/beta+
I109	Te108	1	p
I110	Sb106	0.17	alpha
I110	Sb109	0.11	ec/beta+
I110	Sn106	0.011	ec/beta+
I110	Te110	0.709	ec/beta+
I111	Sb107	0.001	alpha
I111	Te111	0.999	ec/beta+
I112	Sb108	1.2e-05	alpha
I112	Te112	0.999988	ec/beta+
I113	Sb109	3.3e-09	alpha
I113	Te113	1	ec/beta+
I114	Te114	1	ec/beta+
I114_m1	I114	0.09	IT
I114_m1	Te114	0.91	ec/beta+
I115	Te115	1	ec/beta+
I116	Te116	1	ec/beta+
I117	Te117	1	ec/beta+
I118	Te118	1	ec/beta+
I118_m1	Te118	1	ec/beta+
I119	Te119	0.990507	ec/beta+
I119	Te119_m1	0.0094933	ec/beta+
I120	Te120	1	ec/beta+
I120_m1	Te120	1	ec/beta+
I121	Te121	0.997149	ec/beta+
I121	Te121_m1	0.0028512	ec/beta+
I122	Te122	1	ec/beta+
I123	Te123	1	ec/beta+
I124	Te124	1	ec/beta+
I125	Te125	1	ec/beta+
I126	Te126	0.527	ec/beta+
I126	Xe126	0.473	beta-
I128	Te128	0.069	ec/beta+
I128	Xe128	0.931	beta-
I129	Xe129	1	beta-
I130	Xe130	1	beta-
I130_m1	I130	0.84	IT
I130_m1	Xe130	0.16	beta-
I131	Xe131	0.989152	beta-
I131	Xe131_m1	0.0108477	beta-
I132	Xe132	1	beta-
I132_m1	I132	0.86	IT
I132_m1	Xe132	0.14	beta-
I133	Xe133	0.971541	beta-
I133	Xe133_m1	0.028459	beta-
I133_m1	I133	1	IT
I134	Xe134	1	beta-
I134_m1	I134	0.977	IT
I134_m1	Xe134_m1	0.023	beta-
I135	Xe135	0.834911	beta-
I135	Xe135_m1	0.165089	beta-
I136	Xe136	1	beta-
I136_m1	Xe136	1	beta-
I137	Xe136	0.0714	beta-
I137	Xe137	0.9286	beta-
I138	Xe137	0.0556	beta-
I138	Xe138	0.9444	beta-
I139	Xe138	0.1	beta-
I139	Xe139	0.9	beta-
I140	Xe138	1.24e-10	beta-
I140	Xe139	0.097633	beta-
I140	Xe140	0.902367	beta-
I141	Xe140	0.212	beta-
I141	Xe141	0.788	beta-
I142	Xe140	0.0013004	beta-
I142	Xe141	0.52258	beta-
I142	Xe142	0.47612	beta-
I143	Xe141	2.4422e-05	beta-
I143	Xe142	0.924625	beta-
I143	Xe143	0.07535	beta-
I144	Xe142	0.0054069	beta-
I144	Xe143	0.359493	beta-
I144	Xe144	0.6351	beta-
I145	Xe143	0.00092139	beta-
I145	Xe144	0.568639	beta-
I145	Xe145	0.43044	beta-
In100	Ag99	0.039	ec/beta+
In100	Cd100	0.961	ec/beta+
In101	Cd101	1	ec/beta+
In102	Cd102	1	ec/beta+
In103	Cd103	1	ec/beta+
In103_m1	Cd103	0.67	ec/beta+
In103_m1	In103	0.33	IT
In104	Cd104	1	ec/beta+
In104_m1	Cd104	0.2	ec/beta+
In104_m1	In104	0.8	IT
In105	Cd105	1	ec/beta+
In105_m1	In105	1	IT
In106	Cd106	1	ec/beta+
In106_m1	Cd106	1	ec/beta+
In107	Cd107	1	ec/beta+
In107_m1	In107	1	IT
In108	Cd108	1	ec/beta+
In108_m1	Cd108	1	ec/beta+
In109	Cd109	1	ec/beta+
In109_m1	In109	1	IT
In109_m2	In109	1	IT
In110	Cd110	1	ec/beta+
In110_m1	Cd110	1	ec/beta+
In111	Cd111	0.99995	ec/beta+
In111	Cd111_m1	5e-05	ec/beta+
In111_m1	In111	1	IT
In112	Cd112	0.56	ec/beta+
In112	Sn112	0.44	beta-
In112_m1	In112	1	IT
In113_m1	In113	1	IT
In114	Cd114	0.005	ec/beta+
In114	Sn114	0.995	beta-
In114_m1	Cd114	0.0325	ec/beta+
In114_m1	In114	0.9675	IT
In114_m2	In114_m1	1	IT
In115	Sn115	1	beta-
In115_m1	In115	0.95	IT
In115_m1	Sn115	0.05	beta-
In116	Cd116	0.00023	ec/beta+
In116	Sn116	0.99977	beta-
In116_m1	Sn116	1	beta-
In116_m2	In116_m1	1	IT
In117	Sn117	0.996491	beta-
In117	Sn117_m1	0.0035085	beta-
In117_m1	In117	0.471	IT
In117_m1	Sn117	0.529	beta-
In118	Sn118	1	beta-
In118_m1	Sn118	1	beta-
In118_m2	In118_m1	0.986	IT
In118_m2	Sn118	0.014	beta-
In119	Sn119	0.925789	beta-
In119	Sn119_m1	0.0742114	beta-
In119_m1	In119	0.044	IT
In119_m1	Sn119	0.956	beta-
In120	Sn120	1	beta-
In120_m1	Sn120	1	beta-
In120_m2	Sn120	1	beta-
In121	Sn121	0.886481	beta-
In121	Sn121_m1	0.113519	beta-
In121_m1	In121	0.012	IT
In121_m1	Sn121	0.988	beta-
In122	Sn122	1	beta-
In122_m1	Sn122	1	beta-
In122_m2	Sn122	1	beta-
In123	Sn123	0.0323334	beta-
In123	Sn123_m1	0.967667	beta-
In123_m1	Sn123_m1	1	beta-
In124	Sn124	1	beta-
In124_m1	Sn124	1	beta-
In125	Sn125	0.186905	beta-
In125	Sn125_m1	0.813095	beta-
In125_m1	Sn125_m1	1	beta-
In126	Sn126	1	beta-
In126_m1	Sn126	1	beta-
In127	Sn127	0.172774	beta-
In127	Sn127_m1	0.827226	beta-
In127_m1	Sn126	0.0069	beta-
In127_m1	Sn127	0.00369083	beta-
In127_m1	Sn127_m1	0.989409	beta-
In128	Sn127	0.00038	beta-
In128	Sn128	0.99962	beta-
In128_m1	Sn127	0.00044109	beta-
In128_m1	Sn128	0.162934	beta-
In128_m1	Sn128_m1	0.836625	beta-
In129	Sn128	0.0025	beta-
In129	Sn129	0.891295	beta-
In129	Sn129_m1	0.106205	beta-
In129_m1	Sn128	0.025	beta-
In129_m1	Sn129	0.975	beta-
In130	Sn129	0.0093	beta-
In130	Sn130	0.704584	beta-
In130	Sn130_m1	0.286116	beta-
In130_m1	Sn129	0.0165	beta-
In130_m1	Sn130_m1	0.9835	beta-
In130_m2	Sn129	0.0165	beta-
In130_m2	Sn130	0.833408	beta-
In130_m2	Sn130_m1	0.150092	beta-
In131	Sn130	0.02	beta-
In131	Sn131	0.98	beta-
In131_m1	Sn130	0.02	beta-
In131_m1	Sn131	0.98	beta-
In131_m2	Sn130	0.0013348	beta-
In131_m2	Sn131	0.998665	beta-
In132	Sn130	3.7902e-08	beta-
In132	Sn131	0.051556	beta-
In132	Sn132	0.948444	beta-
In133	Sn131	0.00033216	beta-
In133	Sn132	0.998638	beta-
In133	Sn133	0.00103	beta-
In133_m1	Sn131	0.00036084	beta-
In133_m1	Sn132	0.999629	beta-
In133_m1	Sn133	1e-05	beta-
In134	Sn131	4.3457e-07	beta-
In134	Sn132	0.461039	beta-
In134	Sn133	0.53896	beta-
In135	Sn132	0.0041733	beta-
In135	Sn133	0.0892797	beta-
In135	Sn134	0.906547	beta-
In135	Sn135	1.90819e-17	beta-
In97	Cd96	0.5	p
In97	Cd97	0.5	ec/beta+
In98	Cd98	1	ec/beta+
In98_m1	Cd98	1	ec/beta+
In99	Cd99	1	ec/beta+
Ir164	Os164	0.5	ec/beta+
Ir164	Re160	0.5	alpha
Ir164_m1	Os163	0.34	p
Ir164_m1	Os164	0.33	ec/beta+
Ir164_m1	Re160	0.33	alpha
Ir165	Os164	0.5	p
Ir165	Re161	0.5	alpha
Ir166	Os165	0.069	p
Ir166	Re162	0.931	alpha
Ir166_m1	Os165	0.018	p
Ir166_m1	Re162	0.982	alpha
Ir167	Os166	0.32	p
Ir167	Os167	0.2	ec/beta+
Ir167	Re163	0.48	alpha
Ir167_m1	Os166	0.004	p
Ir167_m1	Os167	0.2	ec/beta+
Ir167_m1	Re163	0.796	alpha
Ir168	Re164	1	alpha
Ir168_m1	Os167	0.03	p
Ir168_m1	Os168	0.2	ec/beta+
Ir168_m1	Re164	0.77	alpha
Ir169	Os169	0.5	ec/beta+
Ir169	Re165	0.5	alpha
Ir169_m1	Os168	0.14	p
Ir169_m1	Os169	0.14	ec/beta+
Ir169_m1	Re165	0.72	alpha
Ir170	Os170	0.948	ec/beta+
Ir170	Re166	0.052	alpha
Ir170_m1	Ir170	0.382716	IT
Ir170_m1	Os170	0.382716	ec/beta+
Ir170_m1	Re166	0.234568	alpha
Ir171	Os170	0.25	p
Ir171	Os171	0.25	ec/beta+
Ir171	Re167	0.5	alpha
Ir171_m1	Os170	0.295775	p
Ir171_m1	Os171	0.295775	ec/beta+
Ir171_m1	Re167	0.408451	alpha
Ir172	Os172	0.98	ec/beta+
Ir172	Re168	0.02	alpha
Ir172_m1	Os172	0.77	ec/beta+
Ir172_m1	Re168	0.23	alpha
Ir173	Os173	0.93	ec/beta+
Ir173	Re169	0.07	alpha
Ir173_m1	Os173	0.88	ec/beta+
Ir173_m1	Re169	0.12	alpha
Ir174	Os174	0.995	ec/beta+
Ir174	Re170	0.005	alpha
Ir174_m1	Os174	0.975	ec/beta+
Ir174_m1	Re170	0.025	alpha
Ir175	Os175	0.9915	ec/beta+
Ir175	Re171	0.0085	alpha
Ir176	Os176	0.969	ec/beta+
Ir176	Re172	0.031	alpha
Ir177	Os177	0.9994	ec/beta+
Ir177	Re173	0.0006	alpha
Ir178	Os178	1	ec/beta+
Ir179	Os179	1	ec/beta+
Ir180	Os180	1	ec/beta+
Ir181	Os181	1	ec/beta+
Ir182	Os182	1	ec/beta+
Ir183	Os183	0.633541	ec/beta+
Ir183	Os183_m1	0.366459	ec/beta+
Ir184	Os184	1	ec/beta+
Ir185	Os185	1	ec/beta+
Ir186	Os186	1	ec/beta+
Ir186_m1	Ir186	0.25	IT
Ir186_m1	Os186	0.75	ec/beta+
Ir187	Os187	1	ec/beta+
Ir187_m1	Ir187	1	IT
Ir188	Os188	1	ec/beta+
Ir188_m1	Ir188	1	IT
Ir189	Os189	0.925003	ec/beta+
Ir189	Os189_m1	0.0749968	ec/beta+
Ir189_m1	Ir189	1	IT
Ir189_m2	Ir189	1	IT
Ir190	Os190	1	ec/beta+
Ir190_m1	Ir190	1	IT
Ir190_m2	Ir190	0.086	IT
Ir190_m2	Os190_m1	0.914	ec/beta+
Ir191_m1	Ir191	1	IT
Ir191_m2	Ir191	1	IT
Ir192	Os192	0.0487	ec/beta+
Ir192	Pt192	0.9513	beta-
Ir192_m1	Ir192	0.999825	IT
Ir192_m1	Pt192	0.000175	beta-
Ir192_m2	Ir192	1	IT
Ir193_m1	Ir193	1	IT
Ir194	Pt194	1	beta-
Ir194_m1	Ir194	1	IT
Ir194_m2	Pt194	1	beta-
Ir195	Pt195	1	beta-
Ir195_m1	Ir195	0.05	IT
Ir195_m1	Pt195	0.95	beta-
Ir196	Pt196	1	beta-
Ir196_m1	Pt196	1	beta-
Ir197	Pt197	1	beta-
Ir197_m1	Ir197	0.0025	IT
Ir197_m1	Pt197	0.9975	beta-
Ir198	Pt198	1	beta-
Ir199	Pt199	1	beta-
K32	Ar31	1	p
K33	Ar32	1	p
K34	Ar33	1	p
K35	Ar35	0.9963	ec/beta+
K35	Cl34	0.0037	ec/beta+
K36	Ar36	0.999489	ec/beta+
K36	Cl35	0.00048	ec/beta+
K36	S32	3.1e-05	ec/beta+
K37	Ar37	1	ec/beta+
K38	Ar38	1	ec/beta+
K38_m1	Ar38	1	ec/beta+
K40	Ar40	0.1086	ec/beta+
K40	Ca40	0.8914	beta-
K42	Ca42	1	beta-
K43	Ca43	1	beta-
K44	Ca44	1	beta-
K45	Ca45	1	beta-
K46	Ca46	1	beta-
K47	Ca47	1	beta-
K48	Ca47	0.0114	beta-
K48	Ca48	0.9886	beta-
K49	Ca48	0.86	beta-
K49	Ca49	0.14	beta-
K50	Ca49	0.29	beta-
K50	Ca50	0.71	beta-
K51	Ca50	0.47	beta-
K51	Ca51	0.53	beta-
K52	Ca51	0.73	beta-
K52	Ca52	0.27	beta-
K53	Ca51	0.17	beta-
K53	Ca52	0.67	beta-
K53	Ca53	0.16	beta-
K54	Ca54	1	beta-
K55	Ca54	0.5	beta-
K55	Ca55	0.5	beta-
Kr100	Rb100	0.86237	beta-
Kr100	Rb98	0.00026387	beta-
Kr100	Rb99	0.137366	beta-
Kr69	Br69	1	ec/beta+
Kr70	Br70	0.987	ec/beta+
Kr70	Se69	0.013	ec/beta+
Kr71	Br71	0.948	ec/beta+
Kr71	Se70	0.052	ec/beta+
Kr72	Br72	0.946974	ec/beta+
Kr72	Br72_m1	0.0530257	ec/beta+
Kr73	Br73	1	ec/beta+
Kr74	Br74	1	ec/beta+
Kr75	Br75	1	ec/beta+
Kr76	Br76	1	ec/beta+
Kr77	Br77	1	ec/beta+
Kr79	Br79	1	ec/beta+
Kr79_m1	Kr79	1	IT
Kr81	Br81	1	ec/beta+
Kr81_m1	Br81	2.5e-05	ec/beta+
Kr81_m1	Kr81	0.999975	IT
Kr83_m1	Kr83	1	IT
Kr85	Rb85	1	beta-
Kr85_m1	Kr85	0.214	IT
Kr85_m1	Rb85	0.786	beta-
Kr87	Rb87	1	beta-
Kr88	Rb88	1	beta-
Kr89	Rb89	1	beta-
Kr90	Rb90	0.86994	beta-
Kr90	Rb90_m1	0.13006	beta-
Kr91	Rb91	1	beta-
Kr92	Rb91	0.000332	beta-
Kr92	Rb92	0.999668	beta-
Kr93	Rb92	0.0195	beta-
Kr93	Rb93	0.9805	beta-
Kr94	Rb93	0.0111	beta-
Kr94	Rb94	0.9889	beta-
Kr95	Rb93	2.4286e-16	beta-
Kr95	Rb94	0.036448	beta-
Kr95	Rb95	0.963552	beta-
Kr96	Rb95	0.037	beta-
Kr96	Rb96	0.963	beta-
Kr97	Rb95	8.8527e-05	beta-
Kr97	Rb96	0.0736515	beta-
Kr97	Rb97	0.92626	beta-
Kr98	Rb96	6.5507e-07	beta-
Kr98	Rb97	0.121569	beta-
Kr98	Rb98	0.87843	beta-
Kr99	Rb98	0.11	beta-
Kr99	Rb99	0.89	beta-
La117	Ba116	0.939	p
La117	Ba117	0.061	ec/beta+
La117_m1	Ba116	0.974	p
La117_m1	Ba117	0.026	ec/beta+
La118	Ba118	1	ec/beta+
La119	Ba119	1	ec/beta+
La120	Ba120	1	ec/beta+
La121	Ba121	1	ec/beta+
La122	Ba122	1	ec/beta+
La123	Ba123	1	ec/beta+
La124	Ba124	1	ec/beta+
La124_m1	Ba124	1	ec/beta+
La125	Ba125	1	ec/beta+
La125_m1	La125	1	IT
La126	Ba126	1	ec/beta+
La126_m1	Ba126	1	ec/beta+
La127	Ba127	1	ec/beta+
La127_m1	Ba127	1	ec/beta+
La128	Ba128	1	ec/beta+
La128_m1	Ba128	1	ec/beta+
La129	Ba129	0.925931	ec/beta+
La129	Ba129_m1	0.074069	ec/beta+
La129_m1	La129	1	IT
La130	Ba130	1	ec/beta+
La131	Ba131	1	ec/beta+
La132	Ba132	1	ec/beta+
La132_m1	Ba132	0.24	ec/beta+
La132_m1	La132	0.76	IT
La133	Ba133	1	ec/beta+
La134	Ba134	1	ec/beta+
La135	Ba135	1	ec/beta+
La136	Ba136	1	ec/beta+
La136_m1	La136	1	IT
La137	Ba137	1	ec/beta+
La138	Ba138	0.656	ec/beta+
La138	Ce138	0.344	beta-
La140	Ce140	1	beta-
La141	Ce141	1	beta-
La142	Ce142	1	beta-
La143	Ce143	1	beta-
La144	Ce144	1	beta-
La145	Ce145	1	beta-
La146	Ce146	1	beta-
La146_m1	Ce146	1	beta-
La147	Ce146	0.00041	beta-
La147	Ce147	0.99959	beta-
La148	Ce147	0.0015	beta-
La148	Ce148	0.9985	beta-
La149	Ce148	0.0143	beta-
La149	Ce149	0.9857	beta-
La150	Ce149	0.027	beta-
La150	Ce150	0.973	beta-
La151	Ce150	0.055279	beta-
La151	Ce151	0.944721	beta-
La152	Ce151	0.078337	beta-
La152	Ce152	0.921663	beta-
La153	Ce152	0.53655	beta-
La153	Ce153	0.46345	beta-
La154	Ce152	2.3842e-05	beta-
La154	Ce153	0.195796	beta-
La154	Ce154	0.80418	beta-
La155	Ce153	5.6579e-07	beta-
La155	Ce154	0.547089	beta-
La155	Ce155	0.45291	beta-
Li10	Li9	1	n
Li11	Be11	1	beta-
Li12	Li11	1	n
Li4	He3	1	p
Li5	H1	1	alpha
Li8	He4	1	beta-
Li9	Be8	0.495	beta-
Li9	Be9	0.505	beta-
Lr251	Md247	0.5	alpha
Lr251	No251	0.5	ec/beta+
Lr252	Md248	0.333333	alpha
Lr252	No252	0.333333	ec/beta+
Lr253	Md249	0.987	alpha
Lr253_m1	Md249	0.92	alpha
Lr254	Md250	0.759241	alpha
Lr254	No254	0.23976	ec/beta+
Lr255	Md251	0.85	alpha
Lr255	No255	0.15	ec/beta+
Lr255_m1	Lr255	0.6	IT
Lr255_m1	Md251	0.4	alpha
Lr256	Md252	0.849745	alpha
Lr256	No256	0.149955	ec/beta+
Lr257	Md253	0.9997	alpha
Lr258	Md254	0.95	alpha
Lr259	Md255	0.78	alpha
Lr260	Md256	0.615385	alpha
Lr260	No260	0.307692	ec/beta+
Lr263	Md259	1	alpha
Lu150	Yb149	0.68	p
Lu150	Yb150	0.32	ec/beta+
Lu151	Yb150	0.634	p
Lu151	Yb151	0.366	ec/beta+
Lu152	Tm151	0.15	ec/beta+
Lu152	Yb152	0.85	ec/beta+
Lu153	Tm149	0.7	alpha
Lu153	Yb153	0.3	ec/beta+
Lu153_m1	Tm149	0.5	alpha
Lu153_m1	Yb153	0.5	ec/beta+
Lu154	Yb154	1	ec/beta+
Lu154_m1	Yb154	1	ec/beta+
Lu155	Tm151	0.9	alpha
Lu155	Yb155	0.1	ec/beta+
Lu155_m1	Tm151	0.76	alpha
Lu155_m1	Yb155	0.24	ec/beta+
Lu155_m2	Tm151	1	alpha
Lu156	Tm152	0.95	alpha
Lu156	Yb156	0.05	ec/beta+
Lu156_m1	Tm152	1	alpha
Lu157	Tm153	1	alpha
Lu157_m1	Tm153	0.06	alpha
Lu157_m1	Yb157	0.94	ec/beta+
Lu158	Tm154	0.0091	alpha
Lu158	Yb158	0.9909	ec/beta+
Lu159	Tm155	0.000999001	alpha
Lu159	Yb159	0.999001	ec/beta+
Lu160	Tm156	9.99999e-07	alpha
Lu160	Yb160	0.999999	ec/beta+
Lu160_m1	Yb160	1	ec/beta+
Lu161	Yb161	1	ec/beta+
Lu161_m1	Lu161	1	IT
Lu162	Yb162	1	ec/beta+
Lu162_m1	Yb162	1	ec/beta+
Lu162_m2	Yb162	1	ec/beta+
Lu163	Yb163	1	ec/beta+
Lu164	Yb164	1	ec/beta+
Lu165	Yb165	1	ec/beta+
Lu166	Yb166	1	ec/beta+
Lu166_m1	Lu166	0.42	IT
Lu166_m1	Yb166	0.58	ec/beta+
Lu166_m2	Lu166	0.2	IT
Lu166_m2	Yb166	0.8	ec/beta+
Lu167	Yb167	1	ec/beta+
Lu167_m1	Lu167	0.5	IT
Lu167_m1	Yb167	0.5	ec/beta+
Lu168	Yb168	1	ec/beta+
Lu168_m1	Lu168	0.004	IT
Lu168_m1	Yb168	0.996	ec/beta+
Lu169	Yb169	1	ec/beta+
Lu169_m1	Lu169	1	IT
Lu170	Yb170	1	ec/beta+
Lu170_m1	Lu170	1	IT
Lu171	Yb171	1	ec/beta+
Lu171_m1	Lu171	1	IT
Lu172	Yb172	1	ec/beta+
Lu172_m1	Lu172	1	IT
Lu173	Yb173	1	ec/beta+
Lu174	Yb174	1	ec/beta+
Lu174_m1	Lu174	0.9938	IT
Lu174_m1	Yb174	0.0062	ec/beta+
Lu176	Hf176	1	beta-
Lu176_m1	Hf176	0.99905	beta-
Lu176_m1	Yb176	0.00095	ec/beta+
Lu177	Hf177	1	beta-
Lu177_m1	Hf177_m1	0.786	beta-
Lu177_m1	Lu177	0.214	IT
Lu177_m2	Hf177	1	beta-
Lu178	Hf178	1	beta-
Lu178_m1	Hf178	1	beta-
Lu179	Hf179	1	beta-
Lu179_m1	Lu179	1	IT
Lu180	Hf180	1	beta-
Lu180_m1	Lu180	1	IT
Lu181	Hf181	1	beta-
Lu182	Hf182	1	beta-
Lu183	Hf183	1	beta-
Lu184	Hf184	1	beta-
Md245	Es241	0.5	alpha
Md245_m1	Es241	0.5	alpha
Md245_m1	Fm245	0.5	ec/beta+
Md246	Es242	1	alpha
Md247	Es243	1	alpha
Md247_m1	Es243	1	alpha
Md248	Es244	0.1999	alpha
Md248	Fm248	0.7996	ec/beta+
Md249	Es245	0.6	alpha
Md249	Fm249	0.4	ec/beta+
Md249_m1	Es245	1	alpha
Md250	Es246	0.07	alpha
Md250	Fm250	0.93	ec/beta+
Md251	Es247	0.1	alpha
Md251	Fm251	0.9	ec/beta+
Md252	Fm252	1	ec/beta+
Md253	Fm253	1	ec/beta+
Md254	Fm254	0.5	ec/beta+
Md254	Fm254	0.5	ec/beta+
Md254_m1	Fm254	1	ec/beta+
Md255	Es251	0.0798802	alpha
Md255	Fm255	0.918622	ec/beta+
Md256	Es252	0.0893204	alpha
Md256	Fm256	0.881553	ec/beta+
Md257	Es253	0.148515	alpha
Md257	Fm257	0.841584	ec/beta+
Md258	Es254	1	alpha
Md258_m1	Fm258	1	ec/beta+
Md259	Es255	0.0128332	alpha
Md260	Es256	0.25	alpha
Md260	Fm260	0.23	ec/beta+
Md260	No260	0.1	beta-
Md261	Es257	1	alpha
Mg19	Ne17	1	p
Mg20	Na20	0.73	ec/beta+
Mg20	Ne19	0.27	ec/beta+
Mg21	F17	0.005	ec/beta+
Mg21	Na21	0.669	ec/beta+
Mg21	Ne20	0.326	ec/beta+
Mg22	Na22	1	ec/beta+
Mg23	Na23	1	ec/beta+
Mg27	Al27	1	beta-
Mg28	Al28	1	beta-
Mg29	Al29	1	beta-
Mg30	Al30	1	beta-
Mg31	Al30	0.017	beta-
Mg31	Al31	0.983	beta-
Mg32	Al31	0.055	beta-
Mg32	Al32	0.945	beta-
Mg33	Al32	0.17	beta-
Mg33	Al33	0.83	beta-
Mg34	Al34	1	beta-
Mg35	Al34	0.52	beta-
Mg35	Al35	0.48	beta-
Mg36	Al36	1	beta-
Mg37	Al37	1	beta-
Mg38	Al37	0.5	beta-
Mg38	Al38	0.5	beta-
Mg39	Mg38	1	n
Mg40	Al39	0.5	beta-
Mg40	Al40	0.5	beta-
Mn44	Cr43	0.5	p
Mn44	Cr44	0.5	ec/beta+
Mn45	Cr44	1	p
Mn46	Cr46	0.78	ec/beta+
Mn46	V45	0.22	ec/beta+
Mn47	Cr47	0.966	ec/beta+
Mn47	V46	0.034	ec/beta+
Mn48	Cr48	0.997194	ec/beta+
Mn48	Ti44	6e-06	ec/beta+
Mn48	V47	0.0028	ec/beta+
Mn49	Cr49	1	ec/beta+
Mn50	Cr50	1	ec/beta+
Mn50_m1	Cr50	1	ec/beta+
Mn51	Cr51	1	ec/beta+
Mn52	Cr52	1	ec/beta+
Mn52_m1	Cr52	0.9825	ec/beta+
Mn52_m1	Mn52	0.0175	IT
Mn53	Cr53	1	ec/beta+
Mn54	Cr54	1	ec/beta+
Mn56	Fe56	1	beta-
Mn57	Fe57	1	beta-
Mn58	Fe58	1	beta-
Mn58_m1	Fe58	1	beta-
Mn59	Fe59	1	beta-
Mn60	Fe60	1	beta-
Mn60_m1	Fe60	0.885	beta-
Mn60_m1	Mn60	0.115	IT
Mn61	Fe61	1	beta-
Mn62	Fe62	1	beta-
Mn62_m1	Fe62	1	beta-
Mn63	Fe63	1	beta-
Mn64	Fe63	0.33	beta-
Mn64	Fe64	0.67	beta-
Mn65	Fe64	0.0692	beta-
Mn65	Fe65	0.9308	beta-
Mn66	Fe65	0.1088	beta-
Mn66	Fe66	0.8912	beta-
Mn67	Fe67	1	beta-
Mn68	Fe66	0.010278	beta-
Mn68	Fe67	0.242802	beta-
Mn68	Fe68	0.74692	beta-
Mn69	Fe69	1	beta-
Mo100	Ru100	1	beta-
Mo101	Tc101	1	beta-
Mo102	Tc102	1	beta-
Mo103	Tc103	1	beta-
Mo104	Tc104	1	beta-
Mo105	Tc105	1	beta-
Mo106	Tc106	1	beta-
Mo107	Tc107	1	beta-
Mo108	Tc108	1	beta-
Mo109	Tc108	1.7231e-11	beta-
Mo109	Tc109	1	beta-
Mo110	Tc110	1	beta-
Mo111	Tc110	0.00056204	beta-
Mo111	Tc111	0.999438	beta-
Mo112	Tc111	0.0028334	beta-
Mo112	Tc112	0.997167	beta-
Mo113	Tc112	0.048677	beta-
Mo113	Tc113	0.951323	beta-
Mo114	Tc113	0.0346	beta-
Mo114	Tc114	0.9654	beta-
Mo115	Tc113	4.0042e-05	beta-
Mo115	Tc114	0.0523779	beta-
Mo115	Tc115	0.947582	beta-
Mo83	Nb83	1	ec/beta+
Mo84	Nb84	1	ec/beta+
Mo85	Nb85	0.9986	ec/beta+
Mo85	Zr84	0.0014	ec/beta+
Mo86	Nb86	1	ec/beta+
Mo87	Nb87	1	ec/beta+
Mo88	Nb88	1	ec/beta+
Mo89	Nb89	1	ec/beta+
Mo89_m1	Mo89	1	IT
Mo90	Nb90	0.0512046	ec/beta+
Mo90	Nb90_m2	0.948795	ec/beta+
Mo91	Nb91	0.999658	ec/beta+
Mo91	Nb91_m1	0.0003422	ec/beta+
Mo91_m1	Mo91	0.5	IT
Mo91_m1	Nb91_m1	0.5	ec/beta+
Mo93	Nb93	0.12	ec/beta+
Mo93	Nb93_m1	0.88	ec/beta+
Mo93_m1	Mo93	0.9988	IT
Mo93_m1	Nb93	0.0012	ec/beta+
Mo99	Tc99	0.121136	beta-
Mo99	Tc99_m1	0.878864	beta-
Mt265	Bh261	1	alpha
Mt266	Bh262	1	alpha
Mt266_m1	Bh262	1	alpha
Mt267	Bh263	1	alpha
Mt268	Bh264	1	alpha
Mt269	Bh265	1	alpha
Mt270	Bh266	1	alpha
Mt271	Bh267	1	alpha
Mt273	Bh269	0.5	alpha
N10	C9	1	p
N11	C10	1	p
N12	C12	1	ec/beta+
N13	C13	1	ec/beta+
N16	C12	1.2e-05	beta-
N16	O16	0.999988	beta-
N17	O16	0.951	beta-
N17	O17	0.049	beta-
N18	C14	0.122	beta-
N18	O17	0.143	beta-
N18	O18	0.735	beta-
N19	O18	0.546	beta-
N19	O19	0.454	beta-
N20	O19	0.57	beta-
N20	O20	0.43	beta-
N21	O20	0.81	beta-
N21	O21	0.19	beta-
N22	O20	0.13	beta-
N22	O21	0.36	beta-
N22	O22	0.51	beta-
N23	O23	1	beta-
N24	N23	1	n
N25	N24	1	n
Na18	Ne17	1	p
Na19	Ne18	1	p
Na20	Ne20	0.7995	ec/beta+
Na20	O16	0.2005	ec/beta+
Na21	Ne21	1	ec/beta+
Na22	Ne22	1	ec/beta+
Na24	Mg24	1	beta-
Na24_m1	Mg24	0.0005	beta-
Na24_m1	Na24	0.9995	IT
Na25	Mg25	1	beta-
Na26	Mg26	1	beta-
Na27	Mg26	0.0013	beta-
Na27	Mg27	0.9987	beta-
Na28	Mg28	1	beta-
Na29	Mg28	0.215	beta-
Na29	Mg29	0.785	beta-
Na30	Mg28	0.0115	beta-
Na30	Mg29	0.3	beta-
Na30	Mg30	0.6885	beta-
Na30	Ne26	5.5e-07	beta-
Na31	Mg30	0.37	beta-
Na31	Mg31	0.63	beta-
Na32	Mg30	0.08	beta-
Na32	Mg31	0.24	beta-
Na32	Mg32	0.68	beta-
Na33	Mg31	0.13	beta-
Na33	Mg32	0.47	beta-
Na33	Mg33	0.4	beta-
Na34	Mg33	0.15	beta-
Na34	Mg34	0.85	beta-
Na35	Mg35	1	beta-
Na36	Mg36	1	beta-
Na37	Mg36	0.5	beta-
Na37	Mg37	0.5	beta-
Nb100	Mo100	1	beta-
Nb100_m1	Mo100	1	beta-
Nb101	Mo101	1	beta-
Nb102	Mo102	1	beta-
Nb102_m1	Mo102	1	beta-
Nb103	Mo102	1.177e-08	beta-
Nb103	Mo103	1	beta-
Nb104	Mo103	0.0006	beta-
Nb104	Mo104	0.9994	beta-
Nb104_m1	Mo103	0.0005	beta-
Nb104_m1	Mo104	0.9995	beta-
Nb105	Mo104	0.017	beta-
Nb105	Mo105	0.983	beta-
Nb106	Mo105	0.045	beta-
Nb106	Mo106	0.955	beta-
Nb107	Mo106	0.06	beta-
Nb107	Mo107	0.94	beta-
Nb108	Mo107	0.062	beta-
Nb108	Mo108	0.938	beta-
Nb109	Mo108	0.31	beta-
Nb109	Mo109	0.69	beta-
Nb110	Mo108	0.00048184	beta-
Nb110	Mo109	0.195208	beta-
Nb110	Mo110	0.80431	beta-
Nb111	Mo109	3.117e-06	beta-
Nb111	Mo110	0.948567	beta-
Nb111	Mo111	0.05143	beta-
Nb112	Mo110	0.0085263	beta-
Nb112	Mo111	0.755264	beta-
Nb112	Mo112	0.23621	beta-
Nb113	Mo111	0.0015726	beta-
Nb113	Mo112	0.892937	beta-
Nb113	Mo113	0.10549	beta-
Nb81	Y80	0.5	ec/beta+
Nb81	Zr80	0.5	p
Nb82	Zr82	1	ec/beta+
Nb83	Zr83	1	ec/beta+
Nb84	Zr84	1	ec/beta+
Nb85	Zr85	1	ec/beta+
Nb85_m1	Nb85	0.5	IT
Nb85_m1	Zr85	0.5	ec/beta+
Nb86	Zr86	1	ec/beta+
Nb87	Zr87	1	ec/beta+
Nb87_m1	Zr87	1	ec/beta+
Nb88	Zr88	1	ec/beta+
Nb88_m1	Zr88	1	ec/beta+
Nb89	Zr89	0.987723	ec/beta+
Nb89	Zr89_m1	0.012277	ec/beta+
Nb89_m1	Zr89_m1	1	ec/beta+
Nb90	Zr90	0.0147633	ec/beta+
Nb90	Zr90_m1	0.985237	ec/beta+
Nb90_m1	Nb90	1	IT
Nb90_m2	Nb90_m1	1	IT
Nb91	Zr91	1	ec/beta+
Nb91_m1	Nb91	0.966	IT
Nb91_m1	Zr91	0.034	ec/beta+
Nb92	Zr92	1	ec/beta+
Nb92_m1	Zr92	1	ec/beta+
Nb93_m1	Nb93	1	IT
Nb94	Mo94	1	beta-
Nb94_m1	Mo94	0.005	beta-
Nb94_m1	Nb94	0.995	IT
Nb95	Mo95	1	beta-
Nb95_m1	Mo95	0.056	beta-
Nb95_m1	Nb95	0.944	IT
Nb96	Mo96	1	beta-
Nb97	Mo97	1	beta-
Nb97_m1	Nb97	1	IT
Nb98	Mo98	1	beta-
Nb98_m1	Mo98	1	beta-
Nb99	Mo99	1	beta-
Nb99_m1	Mo99	0.98	beta-
Nb99_m1	Nb99	0.02	IT
Nd124	Pr124	1	ec/beta+
Nd125	Pr125	1	ec/beta+
Nd126	Ce125	0.5	ec/beta+
Nd126	Pr126	0.5	ec/beta+
Nd127	Pr127	1	ec/beta+
Nd128	Pr128	1	ec/beta+
Nd129	Pr129	1	ec/beta+
Nd130	Pr130	1	ec/beta+
Nd131	Pr131	1	ec/beta+
Nd132	Pr132	1	ec/beta+
Nd133	Pr133	1	ec/beta+
Nd133_m1	Pr133	1	ec/beta+
Nd134	Pr134	1	ec/beta+
Nd135	Pr135	1	ec/beta+
Nd135_m1	Nd135	0.0003	IT
Nd135_m1	Pr135	0.9997	ec/beta+
Nd136	Pr136	1	ec/beta+
Nd137	Pr137	1	ec/beta+
Nd137_m1	Nd137	1	IT
Nd138	Pr138	1	ec/beta+
Nd139	Pr139	1	ec/beta+
Nd139_m1	Nd139	0.118	IT
Nd139_m1	Pr139	0.882	ec/beta+
Nd140	Pr140	1	ec/beta+
Nd141	Pr141	1	ec/beta+
Nd141_m1	Nd141	1	IT
Nd144	Ce140	1	alpha
Nd147	Pm147	1	beta-
Nd149	Pm149	1	beta-
Nd150	Sm150	1	beta-
Nd151	Pm151	1	beta-
Nd152	Pm152	1	beta-
Nd153	Pm153	1	beta-
Nd154	Pm154	1	beta-
Nd155	Pm155	1	beta-
Nd156	Pm156	1	beta-
Nd157	Pm157	1	beta-
Nd158	Pm158	1	beta-
Nd159	Pm158	0.00034508	beta-
Nd159	Pm159	0.999655	beta-
Nd160	Pm159	0.00062951	beta-
Nd160	Pm160	0.99937	beta-
Nd161	Pm160	0.0074357	beta-
Nd161	Pm161	0.992564	beta-
Ne16	O14	1	p
Ne17	O16	1	ec/beta+
Ne18	F18	1	ec/beta+
Ne19	F19	1	ec/beta+
Ne23	Na23	1	beta-
Ne24	Na24_m1	1	beta-
Ne25	Na25	1	beta-
Ne26	Na25	0.0013	beta-
Ne26	Na26	0.9987	beta-
Ne27	Na26	0.02	beta-
Ne27	Na27	0.98	beta-
Ne28	Na26	0.036	beta-
Ne28	Na27	0.119	beta-
Ne28	Na28	0.845	beta-
Ne29	Na27	0.04	beta-
Ne29	Na28	0.28	beta-
Ne29	Na29	0.68	beta-
Ne30	Na28	0.089	beta-
Ne30	Na29	0.13	beta-
Ne30	Na30	0.781	beta-
Ne31	Na31	1	beta-
Ne32	Na32	1	beta-
Ne33	Ne32	1	n
Ne34	Na33	0.5	beta-
Ne34	Na34	0.5	beta-
Ni48	Co48	0.3	ec/beta+
Ni48	Fe46	0.7	p
Ni49	Co49	0.17	ec/beta+
Ni49	Fe48	0.83	ec/beta+
Ni50	Co50	0.3	ec/beta+
Ni50	Fe49	0.7	ec/beta+
Ni51	Co51	1	ec/beta+
Ni52	Co52	0.686	ec/beta+
Ni52	Fe51	0.314	ec/beta+
Ni53	Co53	0.766	ec/beta+
Ni53	Fe52	0.234	ec/beta+
Ni54	Co54	1	ec/beta+
Ni55	Co55	1	ec/beta+
Ni56	Co56	1	ec/beta+
Ni57	Co57	1	ec/beta+
Ni59	Co59	1	ec/beta+
Ni63	Cu63	1	beta-
Ni65	Cu65	1	beta-
Ni66	Cu66	1	beta-
Ni67	Cu67	1	beta-
Ni68	Cu68	1	beta-
Ni69	Cu69	1	beta-
Ni69_m1	Cu69	1	beta-
Ni70	Cu70	1	beta-
Ni71	Cu71	1	beta-
Ni72	Cu71	1.3459e-07	beta-
Ni72	Cu72	1	beta-
Ni73	Cu72	0.0056773	beta-
Ni73	Cu73	0.994323	beta-
Ni74	Cu73	0.014063	beta-
Ni74	Cu74	0.985937	beta-
Ni75	Cu74	0.11859	beta-
Ni75	Cu75	0.88141	beta-
Ni76	Cu75	0.24159	beta-
Ni76	Cu76	0.75841	beta-
Ni77	Cu75	3.9967e-06	beta-
Ni77	Cu76	0.553546	beta-
Ni77	Cu77	0.44645	beta-
Ni78	Cu77	0.33498	beta-
Ni78	Cu78	0.66502	beta-
No250	Fm246	0.0196078	alpha
No251	Fm247	0.996441	alpha
No251_m1	Fm247	1	alpha
No252	Fm248	0.667	alpha
No252	Md252	0.011	ec/beta+
No253	Fm249	1	alpha
No254	Fm250	0.898473	alpha
No254	Md254	0.0998303	ec/beta+
No254_m1	No254	1	IT
No255	Fm251	0.61	alpha
No255	Md255	0.39	ec/beta+
No256	Fm252	0.995	alpha
No257	Fm253	1	alpha
No259	Fm255	0.681818	alpha
No259	Md259	0.227273	ec/beta+
No261	Fm257	1	alpha
Np225	Pa221	1	alpha
Np226	Pa222	1	alpha
Np227	Pa223	1	alpha
Np228	Pa224	0.4	alpha
Np228	U228	0.6	ec/beta+
Np229	Pa225	0.68	alpha
Np229	U229	0.32	ec/beta+
Np230	Pa226	0.03	alpha
Np230	U230	0.97	ec/beta+
Np231	Pa227	0.02	alpha
Np231	U231	0.98	ec/beta+
Np232	U232	1	ec/beta+
Np233	U233	1	ec/beta+
Np234	U234	1	ec/beta+
Np235	Pa231	2.6e-05	alpha
Np235	U235	0.999974	ec/beta+
Np236	Pa232	0.002	alpha
Np236	Pu236	0.135	beta-
Np236	U236	0.863	ec/beta+
Np236_m1	Pu236	0.5	beta-
Np236_m1	U236	0.5	ec/beta+
Np237	Pa233	1	alpha
Np238	Pu238	1	beta-
Np239	Pu239	1	beta-
Np240	Pu240	1	beta-
Np240_m1	Np240	0.0012	IT
Np240_m1	Pu240	0.9988	beta-
Np241	Pu241	1	beta-
Np242	Pu242	1	beta-
Np242_m1	Pu242	1	beta-
Np243	Pu243	1	beta-
Np244	Pu244	1	beta-
O12	N11	1	p
O13	C12	1	ec/beta+
O14	N14	1	ec/beta+
O15	N15	1	ec/beta+
O19	F19	1	beta-
O20	F20	1	beta-
O21	F21	1	beta-
O22	F21	0.22	beta-
O22	F22	0.78	beta-
O23	F22	0.31	beta-
O23	F23	0.69	beta-
O24	F23	0.58	beta-
O24	F24	0.42	beta-
O25	O24	1	n
O26	O25	1	n
O27	O26	1	n
O28	O27	1	n
Os162	W158	1	alpha
Os163	W159	1	alpha
Os164	Re164	0.02	ec/beta+
Os164	W160	0.98	alpha
Os165	Re165	0.4	ec/beta+
Os165	W161	0.6	alpha
Os166	Re166	0.2	ec/beta+
Os166	W162	0.8	alpha
Os167	Re167	0.43	ec/beta+
Os167	W163	0.57	alpha
Os168	Re168	0.6	ec/beta+
Os168	W164	0.4	alpha
Os169	Re169	0.863	ec/beta+
Os169	W165	0.137	alpha
Os170	Re170	0.905	ec/beta+
Os170	W166	0.095	alpha
Os171	Re171	0.982	ec/beta+
Os171	W167	0.018	alpha
Os172	Re172	0.998	ec/beta+
Os172	W168	0.002	alpha
Os173	Re173	0.996	ec/beta+
Os173	W169	0.004	alpha
Os174	Re174	0.9998	ec/beta+
Os174	W170	0.0002	alpha
Os175	Re175	1	ec/beta+
Os176	Re176	1	ec/beta+
Os177	Re177	1	ec/beta+
Os178	Re178	1	ec/beta+
Os179	Re179	1	ec/beta+
Os180	Re180	1	ec/beta+
Os181	Re181	1	ec/beta+
Os181_m1	Os181	0.01	IT
Os181_m1	Re181	0.99	ec/beta+
Os182	Re182	1	ec/beta+
Os183	Re183	1	ec/beta+
Os183_m1	Os183	0.15	IT
Os183_m1	Re183	0.85	ec/beta+
Os185	Re185	1	ec/beta+
Os186	W182	1	alpha
Os189_m1	Os189	1	IT
Os190_m1	Os190	1	IT
Os191	Ir191_m1	1	beta-
Os191_m1	Os191	1	IT
Os192_m1	Ir192	0.12	beta-
Os192_m1	Os192	0.88	IT
Os193	Ir193	0.996665	beta-
Os193	Ir193_m1	0.0033346	beta-
Os194	Ir194	1	beta-
Os195	Ir195	1	beta-
Os196	Ir196	1	beta-
P24	Si23	0.5	p
P24	Si24	0.5	ec/beta+
P25	Si24	1	p
P26	Si26	1	ec/beta+
P27	Al26	0.0007	ec/beta+
P27	Si27	0.9993	ec/beta+
P28	Al27	1.3e-05	ec/beta+
P28	Mg24	8.6e-06	ec/beta+
P28	Si28	0.999978	ec/beta+
P29	Si29	1	ec/beta+
P30	Si30	1	ec/beta+
P32	S32	1	beta-
P33	S33	1	beta-
P34	S34	1	beta-
P35	S35	1	beta-
P36	S36	1	beta-
P37	S37	1	beta-
P38	S37	0.12	beta-
P38	S38	0.88	beta-
P39	S38	0.26	beta-
P39	S39	0.74	beta-
P40	S39	0.158	beta-
P40	S40	0.842	beta-
P41	S40	0.3	beta-
P41	S41	0.7	beta-
P42	S41	0.5	beta-
P42	S42	0.5	beta-
P43	S42	1	beta-
P44	S43	0.5	beta-
P44	S44	0.5	beta-
P45	S45	1	beta-
P46	S46	1	beta-
Pa212	Ac208	1	alpha
Pa213	Ac209	1	alpha
Pa214	Ac210	1	alpha
Pa215	Ac211	1	alpha
Pa216	Ac212	0.98	alpha
Pa216	Th216	0.02	ec/beta+
Pa217	Ac213	1	alpha
Pa217_m1	Ac213	0.73	alpha
Pa217_m1	Pa217	0.27	IT
Pa218	Ac214	1	alpha
Pa219	Ac215	1	alpha
Pa220	Ac216	1	alpha
Pa220	Th220	3e-09	ec/beta+
Pa221	Ac217	1	alpha
Pa222	Ac218	1	alpha
Pa223	Ac219	1	alpha
Pa224	Ac220	1	alpha
Pa225	Ac221	1	alpha
Pa226	Ac222	0.74	alpha
Pa226	Th226	0.26	ec/beta+
Pa227	Ac223	0.85	alpha
Pa227	Th227	0.15	ec/beta+
Pa228	Ac224	0.02	alpha
Pa228	Th228	0.98	ec/beta+
Pa229	Ac225	0.0048	alpha
Pa229	Th229	0.9952	ec/beta+
Pa230	Ac226	3.2e-05	alpha
Pa230	Th230	0.921984	ec/beta+
Pa230	U230	0.077984	beta-
Pa231	Ac227	1	alpha
Pa232	Th232	0.003	ec/beta+
Pa232	U232	0.997	beta-
Pa233	U233	1	beta-
Pa234	U234	1	beta-
Pa234_m1	Pa234	0.0016	IT
Pa234_m1	U234	0.9984	beta-
Pa235	U235_m1	1	beta-
Pa236	U236	1	beta-
Pa237	U237	1	beta-
Pa238	U238	1	beta-
Pa239	U239	1	beta-
Pa240	U240	1	beta-
Pb178	Hg174	1	alpha
Pb179	Hg175	1	alpha
Pb180	Hg176	1	alpha
Pb181	Hg177	1	alpha
Pb181_m1	Hg177	1	alpha
Pb182	Hg178	0.98	alpha
Pb182	Tl182	0.02	ec/beta+
Pb183	Hg179	0.9	alpha
Pb183	Tl183	0.1	ec/beta+
Pb183_m1	Hg179	1	alpha
Pb184	Hg180	0.8	alpha
Pb184	Tl184	0.2	ec/beta+
Pb185	Hg181	0.34	alpha
Pb185	Tl185	0.66	ec/beta+
Pb185_m1	Hg181	0.5	alpha
Pb185_m1	Tl185	0.5	ec/beta+
Pb186	Hg182	0.4	alpha
Pb186	Tl186	0.6	ec/beta+
Pb187	Hg183	0.07	alpha
Pb187	Tl187	0.93	ec/beta+
Pb187_m1	Hg183	0.12	alpha
Pb187_m1	Tl187	0.88	ec/beta+
Pb188	Hg184	0.093	alpha
Pb188	Tl188	0.907	ec/beta+
Pb189	Hg185	0.004	alpha
Pb189	Tl189	0.996	ec/beta+
Pb189_m1	Tl189	1	ec/beta+
Pb190	Hg186	0.004	alpha
Pb190	Tl190	0.996	ec/beta+
Pb191	Hg187	0.0001	alpha
Pb191	Tl191	0.9999	ec/beta+
Pb191_m1	Hg187	0.00019996	alpha
Pb191_m1	Tl191	0.9998	ec/beta+
Pb192	Hg188	5.90024e-05	alpha
Pb192	Tl192	0.999941	ec/beta+
Pb193	Tl193	1	ec/beta+
Pb193_m1	Tl193	1	ec/beta+
Pb194	Hg190	7.3e-08	alpha
Pb194	Tl194	1	ec/beta+
Pb195	Tl195	1	ec/beta+
Pb195_m1	Tl195	0.499076	ec/beta+
Pb195_m1	Tl195_m1	0.500924	ec/beta+
Pb196	Tl196	1	ec/beta+
Pb197	Tl197	1	ec/beta+
Pb197_m1	Pb197	0.19	IT
Pb197_m1	Tl197	0.81	ec/beta+
Pb198	Tl198	1	ec/beta+
Pb199	Tl199	1	ec/beta+
Pb199_m1	Pb199	0.93	IT
Pb199_m1	Tl199	0.07	ec/beta+
Pb200	Tl200	1	ec/beta+
Pb201	Tl201	1	ec/beta+
Pb201_m1	Pb201	1	IT
Pb202	Tl202	1	ec/beta+
Pb202_m1	Pb202	0.905	IT
Pb202_m1	Tl202	0.095	ec/beta+
Pb203	Tl203	1	ec/beta+
Pb203_m1	Pb203	1	IT
Pb203_m2	Pb203_m1	1	IT
Pb204	Hg200	1	alpha
Pb204_m1	Pb204	1	IT
Pb205	Tl205	1	ec/beta+
Pb205_m1	Pb205	1	IT
Pb207_m1	Pb207	1	IT
Pb209	Bi209	1	beta-
Pb210	Bi210	1	beta-
Pb210	Hg206	1.9e-08	alpha
Pb211	Bi211	1	beta-
Pb212	Bi212	1	beta-
Pb213	Bi213	1	beta-
Pb214	Bi214	1	beta-
Pb215	Bi215	1	beta-
Pd100	Rh100	1	ec/beta+
Pd101	Rh101	0.0027986	ec/beta+
Pd101	Rh101_m1	0.997201	ec/beta+
Pd103	Rh103	0.0007523	ec/beta+
Pd103	Rh103_m1	0.999248	ec/beta+
Pd107	Ag107	1	beta-
Pd107_m1	Pd107	1	IT
Pd109	Ag109	0.0004846	beta-
Pd109	Ag109_m1	0.999515	beta-
Pd109_m1	Pd109	1	IT
Pd111	Ag111	0.0070304	beta-
Pd111	Ag111_m1	0.99297	beta-
Pd111_m1	Ag111	0.0789123	beta-
Pd111_m1	Ag111_m1	0.191088	beta-
Pd111_m1	Pd111	0.73	IT
Pd112	Ag112	1	beta-
Pd113	Ag113	0.0424257	beta-
Pd113	Ag113_m1	0.957574	beta-
Pd113_m1	Pd113	1	IT
Pd114	Ag114	1	beta-
Pd115	Ag115	1	beta-
Pd115_m1	Ag115	0.92	beta-
Pd115_m1	Pd115	0.08	IT
Pd116	Ag116	1	beta-
Pd117	Ag117	1	beta-
Pd117_m1	Pd117	1	IT
Pd118	Ag118	0.856749	beta-
Pd118	Ag118_m1	0.143251	beta-
Pd119	Ag119	1	beta-
Pd120	Ag120	1	beta-
Pd121	Ag120	6.9932e-05	beta-
Pd121	Ag121	0.99993	beta-
Pd122	Ag121	0.00068374	beta-
Pd122	Ag122	0.999316	beta-
Pd123	Ag122	0.0090211	beta-
Pd123	Ag123	0.990979	beta-
Pd124	Ag123	0.0012879	beta-
Pd124	Ag124	0.998712	beta-
Pd125	Ag124	0.08396	beta-
Pd125	Ag125	0.91604	beta-
Pd126	Ag125	0.0095533	beta-
Pd126	Ag126	0.990447	beta-
Pd91	Rh91	1	ec/beta+
Pd92	Rh92	1	ec/beta+
Pd93	Rh93	0.985	ec/beta+
Pd93	Ru92	0.015	ec/beta+
Pd94	Rh94	1	ec/beta+
Pd95	Rh95	1	ec/beta+
Pd95_m1	Pd95	0.0960396	IT
Pd95_m1	Rh95	0.89505	ec/beta+
Pd95_m1	Ru94	0.00891089	ec/beta+
Pd96	Rh96_m1	1	ec/beta+
Pd97	Rh97	0.983452	ec/beta+
Pd97	Rh97_m1	0.0165475	ec/beta+
Pd98	Rh98	1	ec/beta+
Pd99	Rh99	0.0258355	ec/beta+
Pd99	Rh99_m1	0.974164	ec/beta+
Pm126	Nd126	1	ec/beta+
Pm127	Nd126	0.5	p
Pm127	Nd127	0.5	ec/beta+
Pm128	Nd128	1	ec/beta+
Pm129	Nd129	1	ec/beta+
Pm130	Nd130	1	ec/beta+
Pm131	Nd131	1	ec/beta+
Pm132	Nd132	1	ec/beta+
Pm132	Pr131	5e-07	ec/beta+
Pm133	Nd133	1	ec/beta+
Pm133_m1	Nd133	0.5	ec/beta+
Pm133_m1	Pm133	0.5	IT
Pm134	Nd134	1	ec/beta+
Pm134_m1	Nd134	1	ec/beta+
Pm135	Nd135	1	ec/beta+
Pm135_m1	Nd135	1	ec/beta+
Pm136	Nd136	1	ec/beta+
Pm136_m1	Nd136	1	ec/beta+
Pm137	Nd137	0.636199	ec/beta+
Pm137	Nd137_m1	0.363801	ec/beta+
Pm138	Nd138	1	ec/beta+
Pm138_m1	Nd138	1	ec/beta+
Pm139	Nd139	1	ec/beta+
Pm139_m1	Nd139	0.0006	ec/beta+
Pm139_m1	Pm139	0.9994	IT
Pm140	Nd140	1	ec/beta+
Pm140_m1	Nd140	1	ec/beta+
Pm141	Nd141	0.998364	ec/beta+
Pm141	Nd141_m1	0.001636	ec/beta+
Pm142	Nd142	1	ec/beta+
Pm142_m1	Pm142	1	IT
Pm143	Nd143	1	ec/beta+
Pm144	Nd144	1	ec/beta+
Pm145	Nd145	1	ec/beta+
Pm145	Pr141	2.8e-09	alpha
Pm146	Nd146	0.66	ec/beta+
Pm146	Sm146	0.34	beta-
Pm147	Sm147	1	beta-
Pm148	Sm148	1	beta-
Pm148_m1	Pm148	0.042	IT
Pm148_m1	Sm148	0.958	beta-
Pm149	Sm149	1	beta-
Pm150	Sm150	1	beta-
Pm151	Sm151	1	beta-
Pm152	Sm152	1	beta-
Pm152_m1	Sm152	1	beta-
Pm152_m2	Pm152	0.5	IT
Pm152_m2	Sm152	0.5	beta-
Pm153	Sm153	1	beta-
Pm154	Sm154	1	beta-
Pm154_m1	Sm154	1	beta-
Pm155	Sm155	1	beta-
Pm156	Sm156	1	beta-
Pm157	Sm157	1	beta-
Pm158	Sm158	1	beta-
Pm159	Sm158	2.207e-06	beta-
Pm159	Sm159	0.999998	beta-
Pm160	Sm159	0.0018985	beta-
Pm160	Sm160	0.998101	beta-
Pm161	Sm160	0.0029297	beta-
Pm161	Sm161	0.99707	beta-
Pm162	Sm161	0.0064282	beta-
Pm162	Sm162	0.993572	beta-
Pm163	Sm163	1	beta-
Po188	Bi188	1	ec/beta+
Po189	Pb185	1	alpha
Po190	Pb186	1	alpha
Po191	Pb187	1	alpha
Po191_m1	Pb187	1	alpha
Po192	Pb188	1	alpha
Po193	Pb189	1	alpha
Po193_m1	Pb189	1	alpha
Po194	Pb190	1	alpha
Po195	Bi195	0.25	ec/beta+
Po195	Pb191	0.75	alpha
Po195_m1	Bi195	0.1	ec/beta+
Po195_m1	Pb191	0.9	alpha
Po196	Bi196	0.02	ec/beta+
Po196	Pb192	0.98	alpha
Po197	Bi197	0.56	ec/beta+
Po197	Pb193	0.44	alpha
Po197_m1	Bi197	0.15995	ec/beta+
Po197_m1	Pb193	0.83995	alpha
Po197_m1	Po197	0.0001	IT
Po198	Bi198	0.43	ec/beta+
Po198	Pb194	0.57	alpha
Po199	Bi199	0.925	ec/beta+
Po199	Pb195	0.075	alpha
Po199_m1	Bi199	0.735	ec/beta+
Po199_m1	Pb195	0.24	alpha
Po199_m1	Po199	0.025	IT
Po200	Bi200	0.889	ec/beta+
Po200	Pb196	0.111	alpha
Po201	Bi201	0.389648	ec/beta+
Po201	Bi201_m1	0.594352	ec/beta+
Po201	Pb197	0.016	alpha
Po201_m1	Bi201	0.414	ec/beta+
Po201_m1	Pb197	0.024	alpha
Po201_m1	Po201	0.562	IT
Po202	Bi202	0.9808	ec/beta+
Po202	Pb198	0.0192	alpha
Po203	Bi203	0.9989	ec/beta+
Po203	Pb199	0.0011	alpha
Po203_m1	Po203	1	IT
Po204	Bi204	0.9934	ec/beta+
Po204	Pb200	0.0066	alpha
Po205	Bi205	0.9996	ec/beta+
Po205	Pb201	0.0004	alpha
Po205_m1	Po205	1	IT
Po205_m2	Po205	1	IT
Po206	Bi206	0.9455	ec/beta+
Po206	Pb202	0.0545	alpha
Po207	Bi207	0.99979	ec/beta+
Po207	Pb203	0.00021	alpha
Po207_m1	Po207	1	IT
Po208	Bi208	4e-05	ec/beta+
Po208	Pb204	0.99996	alpha
Po209	Bi209	0.0048	ec/beta+
Po209	Pb205	0.9952	alpha
Po210	Pb206	1	alpha
Po211	Pb207	1	alpha
Po211_m1	Pb207	0.0894857	alpha
Po211_m1	Pb207_m1	0.910354	alpha
Po211_m1	Po211	0.00016	IT
Po212	Pb208	1	alpha
Po212_m1	Pb208	0.9993	alpha
Po212_m1	Po212	0.0007	IT
Po213	Pb209	1	alpha
Po214	Pb210	1	alpha
Po215	At215	2.3e-06	beta-
Po215	Pb211	0.999998	alpha
Po216	Pb212	1	alpha
Po217	Pb213	1	alpha
Po218	At218	0.0002	beta-
Po218	Pb214	0.9998	alpha
Po219	At219	1	beta-
Po220	At220	1	beta-
Pr121	Ce120	1	p
Pr122	Ce122	1	ec/beta+
Pr123	Ce123	1	ec/beta+
Pr124	Ce124	1	ec/beta+
Pr125	Ce125	1	ec/beta+
Pr126	Ce126	1	ec/beta+
Pr127	Ce127	1	ec/beta+
Pr128	Ce128	1	ec/beta+
Pr129	Ce129	1	ec/beta+
Pr130	Ce130	1	ec/beta+
Pr131	Ce131	1	ec/beta+
Pr131_m1	Ce131	0.036	ec/beta+
Pr131_m1	Pr131	0.964	IT
Pr132	Ce132	1	ec/beta+
Pr133	Ce133	1	ec/beta+
Pr134	Ce134	1	ec/beta+
Pr134_m1	Ce134	1	ec/beta+
Pr135	Ce135	1	ec/beta+
Pr136	Ce136	1	ec/beta+
Pr137	Ce137	1	ec/beta+
Pr138	Ce138	1	ec/beta+
Pr138_m1	Ce138	1	ec/beta+
Pr139	Ce139	0.999836	ec/beta+
Pr139	Ce139_m1	0.0001641	ec/beta+
Pr140	Ce140	1	ec/beta+
Pr142	Ce142	0.000164	ec/beta+
Pr142	Nd142	0.999836	beta-
Pr142_m1	Pr142	1	IT
Pr143	Nd143	1	beta-
Pr144	Nd144	1	beta-
Pr144_m1	Nd144	0.0007	beta-
Pr144_m1	Pr144	0.9993	IT
Pr145	Nd145	1	beta-
Pr146	Nd146	1	beta-
Pr147	Nd147	1	beta-
Pr148	Nd148	1	beta-
Pr148_m1	Nd148	1	beta-
Pr149	Nd149	1	beta-
Pr150	Nd150	1	beta-
Pr151	Nd151	1	beta-
Pr152	Nd152	1	beta-
Pr153	Nd152	1.1616e-05	beta-
Pr153	Nd153	0.999988	beta-
Pr154	Nd153	0.001453	beta-
Pr154	Nd154	0.998547	beta-
Pr155	Nd154	0.0019939	beta-
Pr155	Nd155	0.998006	beta-
Pr156	Nd155	0.0094797	beta-
Pr156	Nd156	0.99052	beta-
Pr157	Nd156	0.054289	beta-
Pr157	Nd157	0.945711	beta-
Pr158	Nd157	0.15782	beta-
Pr158	Nd158	0.84218	beta-
Pr159	Nd158	0.25197	beta-
Pr159	Nd159	0.74803	beta-
Pt166	Os162	1	alpha
Pt167	Os163	1	alpha
Pt168	Os164	1	alpha
Pt169	Os165	1	alpha
Pt170	Os166	1	alpha
Pt171	Ir171	0.02	ec/beta+
Pt171	Os167	0.98	alpha
Pt172	Ir172	0.06	ec/beta+
Pt172	Os168	0.94	alpha
Pt173	Ir173	0.156863	ec/beta+
Pt173	Os169	0.843137	alpha
Pt174	Ir174	0.24	ec/beta+
Pt174	Os170	0.76	alpha
Pt175	Ir175	0.36	ec/beta+
Pt175	Os171	0.64	alpha
Pt176	Ir176	0.6	ec/beta+
Pt176	Os172	0.4	alpha
Pt177	Ir177	0.943	ec/beta+
Pt177	Os173	0.057	alpha
Pt178	Ir178	0.923	ec/beta+
Pt178	Os174	0.077	alpha
Pt179	Ir179	0.9976	ec/beta+
Pt179	Os175	0.0024	alpha
Pt180	Ir180	0.997009	ec/beta+
Pt180	Os176	0.00299103	alpha
Pt181	Ir181	0.999201	ec/beta+
Pt181	Os177	0.00079936	alpha
Pt182	Ir182	0.9996	ec/beta+
Pt182	Os178	0.0004	alpha
Pt183	Ir183	0.999987	ec/beta+
Pt183	Os179	1.29998e-05	alpha
Pt183_m1	Ir183	1	ec/beta+
Pt184	Ir184	0.999983	ec/beta+
Pt184	Os180	1.7e-05	alpha
Pt184_m1	Pt184	1	IT
Pt185	Ir185	0.99995	ec/beta+
Pt185	Os181	5e-05	alpha
Pt185_m1	Ir185	0.99	ec/beta+
Pt185_m1	Pt185	0.01	IT
Pt186	Ir186	0.999999	ec/beta+
Pt186	Os182	1.4e-06	alpha
Pt187	Ir187	1	ec/beta+
Pt188	Ir188	1	ec/beta+
Pt188	Os184	2.6e-07	alpha
Pt189	Ir189	1	ec/beta+
Pt190	Os186	1	alpha
Pt191	Ir191	0.989976	ec/beta+
Pt191	Ir191_m1	0.0100237	ec/beta+
Pt193	Ir193	1	ec/beta+
Pt193_m1	Pt193	1	IT
Pt195_m1	Pt195	1	IT
Pt197	Au197	1	beta-
Pt197_m1	Au197_m1	0.033	beta-
Pt197_m1	Pt197	0.967	IT
Pt199	Au199	1	beta-
Pt199_m1	Pt199	1	IT
Pt200	Au200	1	beta-
Pt201	Au201	1	beta-
Pt202	Au202	1	beta-
Pu228	U224	1	alpha
Pu229	U225	1	alpha
Pu230	U226	1	alpha
Pu231	Np231	0.998	ec/beta+
Pu231	U227	0.002	alpha
Pu232	Np232	0.9	ec/beta+
Pu232	U228	0.1	alpha
Pu233	Np233	0.9988	ec/beta+
Pu233	U229	0.0012	alpha
Pu234	Np234	0.94	ec/beta+
Pu234	U230	0.06	alpha
Pu235	Np235	0.999972	ec/beta+
Pu235	U231	2.79992e-05	alpha
Pu236	U232	1	alpha
Pu237	Np237	0.999958	ec/beta+
Pu237	U233	4.2e-05	alpha
Pu237_m1	Pu237	1	IT
Pu238	U234	1	alpha
Pu239	U235	0.00046267	alpha
Pu239	U235_m1	0.999537	alpha
Pu240	U236	1	alpha
Pu241	Am241	0.999976	beta-
Pu241	U237	2.45e-05	alpha
Pu242	U238	0.999995	alpha
Pu243	Am243	1	beta-
Pu244	U240	0.99875	alpha
Pu245	Am245	1	beta-
Pu246	Am246_m1	1	beta-
Pu247	Am247	1	beta-
Ra202	Rn198	1	alpha
Ra203	Rn199	1	alpha
Ra203_m1	Rn199	1	alpha
Ra204	Rn200	1	alpha
Ra205	Rn201	1	alpha
Ra205_m1	Rn201	1	alpha
Ra206	Rn202	1	alpha
Ra207	Fr207	0.1	ec/beta+
Ra207	Rn203	0.9	alpha
Ra207_m1	Fr207	0.0035	ec/beta+
Ra207_m1	Ra207	0.85	IT
Ra207_m1	Rn203	0.1465	alpha
Ra208	Fr208	0.05	ec/beta+
Ra208	Rn204	0.95	alpha
Ra209	Fr209	0.1	ec/beta+
Ra209	Rn205	0.9	alpha
Ra210	Fr210	0.04	ec/beta+
Ra210	Rn206	0.96	alpha
Ra211	Fr211	0.07	ec/beta+
Ra211	Rn207	0.93	alpha
Ra212	Fr212	0.15	ec/beta+
Ra212	Rn208	0.85	alpha
Ra213	Fr213	0.2	ec/beta+
Ra213	Rn209	0.8	alpha
Ra213_m1	Ra213	0.99	IT
Ra213_m1	Rn209	0.01	alpha
Ra214	Fr214	0.00059	ec/beta+
Ra214	Rn210	0.99941	alpha
Ra215	Rn211	1	alpha
Ra216	Fr216	1e-10	ec/beta+
Ra216	Rn212	1	alpha
Ra217	Rn213	1	alpha
Ra218	Rn214	1	alpha
Ra219	Rn215	1	alpha
Ra220	Rn216	1	alpha
Ra221	Rn217	1	alpha
Ra222	Rn218	1	alpha
Ra223	Rn219	1	alpha
Ra224	Rn220	1	alpha
Ra225	Ac225	1	beta-
Ra226	Rn222	1	alpha
Ra227	Ac227	1	beta-
Ra228	Ac228	1	beta-
Ra229	Ac229	1	beta-
Ra230	Ac230	1	beta-
Ra231	Ac231	1	beta-
Ra232	Ac232	1	beta-
Ra233	Ac233	1	beta-
Ra234	Ac234	1	beta-
Rb100	Sr100	0.676	beta-
Rb100	Sr98	0.0048358	beta-
Rb100	Sr99	0.319164	beta-
Rb101	Sr100	0.321798	beta-
Rb101	Sr101	0.67726	beta-
Rb101	Sr99	0.00094193	beta-
Rb102	Sr100	0.010859	beta-
Rb102	Sr101	0.219911	beta-
Rb102	Sr102	0.76923	beta-
Rb102	Sr99	6.0744e-13	beta-
Rb71	Kr70	1	p
Rb72	Kr71	1	p
Rb73	Kr72	1	p
Rb74	Kr74	1	ec/beta+
Rb75	Kr75	1	ec/beta+
Rb76	Kr76	1	ec/beta+
Rb77	Kr77	1	ec/beta+
Rb78	Kr78	1	ec/beta+
Rb78_m1	Kr78	0.91	ec/beta+
Rb78_m1	Rb78	0.09	IT
Rb79	Kr79	1	ec/beta+
Rb80	Kr80	1	ec/beta+
Rb81	Kr81	0.043277	ec/beta+
Rb81	Kr81_m1	0.956723	ec/beta+
Rb81_m1	Kr81	0.0237972	ec/beta+
Rb81_m1	Kr81_m1	0.000202753	ec/beta+
Rb81_m1	Rb81	0.976	IT
Rb82	Kr82	1	ec/beta+
Rb82_m1	Kr82	1	ec/beta+
Rb83	Kr83	0.257362	ec/beta+
Rb83	Kr83_m1	0.742637	ec/beta+
Rb84	Kr84	0.961	ec/beta+
Rb84	Sr84	0.039	beta-
Rb84_m1	Rb84	1	IT
Rb86	Kr86	5.2e-05	ec/beta+
Rb86	Sr86	0.999948	beta-
Rb86_m1	Rb86	1	IT
Rb87	Sr87	1	beta-
Rb88	Sr88	1	beta-
Rb89	Sr89	1	beta-
Rb90	Sr90	1	beta-
Rb90_m1	Rb90	0.026	IT
Rb90_m1	Sr90	0.974	beta-
Rb91	Sr90	2.0319e-07	beta-
Rb91	Sr91	1	beta-
Rb92	Sr91	0.000107	beta-
Rb92	Sr92	0.999893	beta-
Rb93	Sr92	0.0139	beta-
Rb93	Sr93	0.9861	beta-
Rb94	Sr93	0.105	beta-
Rb94	Sr94	0.895	beta-
Rb95	Sr94	0.087	beta-
Rb95	Sr95	0.913	beta-
Rb96	Sr95	0.133	beta-
Rb96	Sr96	0.867	beta-
Rb97	Sr96	0.255	beta-
Rb97	Sr97	0.745	beta-
Rb98	Sr96	0.00051	beta-
Rb98	Sr97	0.138	beta-
Rb98	Sr98	0.86149	beta-
Rb98_m1	Sr98	1	beta-
Rb99	Sr97	3.1953e-06	beta-
Rb99	Sr98	0.276877	beta-
Rb99	Sr99	0.72312	beta-
Re160	Ta156	0.09	alpha
Re160	W159	0.91	p
Re161	W160	1	p
Re161_m1	Ta157	0.952	alpha
Re161_m1	W160	0.048	p
Re162	Ta158	0.94	alpha
Re162	W162	0.06	ec/beta+
Re162_m1	Ta158	0.91	alpha
Re162_m1	W162	0.09	ec/beta+
Re163	Ta159	0.32	alpha
Re163	W163	0.68	ec/beta+
Re163_m1	Ta159	0.66	alpha
Re163_m1	W163	0.34	ec/beta+
Re164	Ta160	0.58	alpha
Re164	W164	0.42	ec/beta+
Re164_m1	Ta160	0.03	alpha
Re164_m1	W164	0.97	ec/beta+
Re165	Ta161	0.5	alpha
Re165	W165	0.5	ec/beta+
Re165_m1	Ta161	0.13	alpha
Re165_m1	W165	0.87	ec/beta+
Re166	Ta162	0.24	alpha
Re166	W166	0.76	ec/beta+
Re167	Ta163	0.01	alpha
Re167	W167	0.99	ec/beta+
Re167_m1	Ta163	1	alpha
Re168	Ta164	4.99975e-05	alpha
Re168	W168	0.99995	ec/beta+
Re169	Ta165	9.999e-05	alpha
Re169	W169	0.9999	ec/beta+
Re169_m1	Ta165	0.002	alpha
Re169_m1	W169	0.998	ec/beta+
Re170	W170	1	ec/beta+
Re171	W171	1	ec/beta+
Re172	W172	1	ec/beta+
Re172_m1	W172	1	ec/beta+
Re173	W173	1	ec/beta+
Re174	W174	1	ec/beta+
Re175	W175	1	ec/beta+
Re176	W176	1	ec/beta+
Re177	W177	1	ec/beta+
Re178	W178	1	ec/beta+
Re179	W179	1	ec/beta+
Re180	W180	1	ec/beta+
Re181	W181	1	ec/beta+
Re182	W182	1	ec/beta+
Re182_m1	W182	1	ec/beta+
Re183	W183	1	ec/beta+
Re183_m1	Re183	1	IT
Re184	W184	1	ec/beta+
Re184_m1	Re184	0.745	IT
Re184_m1	W184	0.255	ec/beta+
Re186	Os186	0.9253	beta-
Re186	W186	0.0747	ec/beta+
Re186_m1	Re186	1	IT
Re187	Os187	1	beta-
Re188	Os188	1	beta-
Re188_m1	Re188	1	IT
Re189	Os189	0.897579	beta-
Re189	Os189_m1	0.10242	beta-
Re190	Os190	1	beta-
Re190_m1	Os190	0.544	beta-
Re190_m1	Re190	0.456	IT
Re191	Os191	1	beta-
Re192	Os192	1	beta-
Re193	Os193	1	beta-
Re194	Os194	1	beta-
Rf253	No249	0.25	alpha
Rf255	Lr255	0.00990099	ec/beta+
Rf255	No251	0.475247	alpha
Rf256	No252	0.0032	alpha
Rf257	No253	0.986193	alpha
Rf257_m1	No253	0.986193	alpha
Rf258	No254	0.13	alpha
Rf259	No255	0.92	alpha
Rf261	Lr261	0.142857	ec/beta+
Rf261	No257	0.761905	alpha
Rf261_m1	Lr261	0.15	ec/beta+
Rf261_m1	No257	0.74	alpha
Rf262	No258	0.0291262	alpha
Rf264	No260	1	alpha
Rg272	Mt268	1	alpha
Rh100	Ru100	1	ec/beta+
Rh100_m1	Rh100	0.983	IT
Rh100_m1	Ru100	0.017	ec/beta+
Rh101	Ru101	1	ec/beta+
Rh101_m1	Rh101	0.072	IT
Rh101_m1	Ru101	0.928	ec/beta+
Rh102	Pd102	0.22	beta-
Rh102	Ru102	0.78	ec/beta+
Rh102_m1	Rh102	0.00233	IT
Rh102_m1	Ru102	0.99767	ec/beta+
Rh103_m1	Rh103	1	IT
Rh104	Pd104	0.9955	beta-
Rh104	Ru104	0.0045	ec/beta+
Rh104_m1	Pd104	0.0013	beta-
Rh104_m1	Rh104	0.9987	IT
Rh105	Pd105	1	beta-
Rh105_m1	Rh105	1	IT
Rh106	Pd106	1	beta-
Rh106_m1	Pd106	1	beta-
Rh107	Pd107	1	beta-
Rh108	Pd108	1	beta-
Rh108_m1	Pd108	1	beta-
Rh109	Pd109	1	beta-
Rh110	Pd110	1	beta-
Rh110_m1	Pd110	1	beta-
Rh111	Pd111	1	beta-
Rh112	Pd112	1	beta-
Rh112_m1	Pd112	1	beta-
Rh113	Pd113	1	beta-
Rh114	Pd114	1	beta-
Rh115	Pd114	0.00020937	beta-
Rh115	Pd115	0.999791	beta-
Rh116	Pd115	0.0011298	beta-
Rh116	Pd116	0.99887	beta-
Rh116_m1	Pd116	1	beta-
Rh117	Pd116	0.0046843	beta-
Rh117	Pd117	0.995316	beta-
Rh118	Pd117	0.031	beta-
Rh118	Pd118	0.969	beta-
Rh119	Pd118	0.064	beta-
Rh119	Pd119	0.936	beta-
Rh120	Pd119	0.022411	beta-
Rh120	Pd120	0.977589	beta-
Rh121	Pd120	0.10581	beta-
Rh121	Pd121	0.89419	beta-
Rh122	Pd120	1.3039e-05	beta-
Rh122	Pd121	0.076485	beta-
Rh122	Pd122	0.923502	beta-
Rh123	Pd121	9.3798e-10	beta-
Rh123	Pd122	0.13358	beta-
Rh123	Pd123	0.86642	beta-
Rh89	Ru89	1	ec/beta+
Rh90	Ru90	1	ec/beta+
Rh90_m1	Ru90	1	ec/beta+
Rh91	Ru91	1	ec/beta+
Rh92	Ru92	1	ec/beta+
Rh93	Ru93	1	ec/beta+
Rh94	Ru94	1	ec/beta+
Rh94_m1	Ru94	1	ec/beta+
Rh95	Ru95	1	ec/beta+
Rh95_m1	Rh95	0.88	IT
Rh95_m1	Ru95	0.12	ec/beta+
Rh96	Ru96	1	ec/beta+
Rh96_m1	Rh96	0.6	IT
Rh96_m1	Ru96	0.4	ec/beta+
Rh97	Ru97	1	ec/beta+
Rh97_m1	Rh97	0.059	IT
Rh97_m1	Ru97	0.941	ec/beta+
Rh98	Ru98	1	ec/beta+
Rh98_m1	Rh98	0.89	IT
Rh98_m1	Ru98	0.11	ec/beta+
Rh99	Ru99	1	ec/beta+
Rh99_m1	Rh99	0.0016	IT
Rh99_m1	Ru99	0.9984	ec/beta+
Rn195	Po191	1	alpha
Rn195_m1	Po191	1	alpha
Rn196	Po192	1	alpha
Rn197	Po193	1	alpha
Rn197_m1	Po193	1	alpha
Rn198	Po194	1	alpha
Rn199	At199	0.06	ec/beta+
Rn199	Po195	0.94	alpha
Rn199_m1	At199	0.03	ec/beta+
Rn199_m1	Po195	0.97	alpha
Rn200	At200	0.14	ec/beta+
Rn200	Po196	0.86	alpha
Rn201	At201	0.5	ec/beta+
Rn201	Po197	0.5	alpha
Rn201_m1	At201	0.5	ec/beta+
Rn201_m1	Po197	0.5	alpha
Rn202	At202	0.22	ec/beta+
Rn202	Po198	0.78	alpha
Rn203	At203	0.34	ec/beta+
Rn203	Po199	0.66	alpha
Rn203_m1	At203	0.25	ec/beta+
Rn203_m1	Po199	0.75	alpha
Rn204	At204	0.27	ec/beta+
Rn204	Po200	0.73	alpha
Rn205	At205	0.754	ec/beta+
Rn205	Po201	0.246	alpha
Rn206	At206	0.38	ec/beta+
Rn206	Po202	0.62	alpha
Rn207	At207	0.79	ec/beta+
Rn207	Po203	0.21	alpha
Rn208	At208	0.38	ec/beta+
Rn208	Po204	0.62	alpha
Rn209	At209	0.83	ec/beta+
Rn209	Po205	0.17	alpha
Rn210	At210	0.04	ec/beta+
Rn210	Po206	0.96	alpha
Rn211	At211	0.726	ec/beta+
Rn211	Po207	0.274	alpha
Rn212	Po208	1	alpha
Rn213	Po209	1	alpha
Rn214	Po210	1	alpha
Rn215	Po211	1	alpha
Rn216	Po212	1	alpha
Rn217	Po213	1	alpha
Rn218	Po214	1	alpha
Rn219	Po215	1	alpha
Rn220	Po216	1	alpha
Rn221	Fr221	0.78	beta-
Rn221	Po217	0.22	alpha
Rn222	Po218	1	alpha
Rn223	Fr223	1	beta-
Rn224	Fr224	1	beta-
Rn225	Fr225	1	beta-
Rn226	Fr226	1	beta-
Rn227	Fr227	1	beta-
Rn228	Fr228	1	beta-
Ru103	Rh103	0.011741	beta-
Ru103	Rh103_m1	0.988259	beta-
Ru103_m1	Ru103	1	IT
Ru105	Rh105	0.716561	beta-
Ru105	Rh105_m1	0.283439	beta-
Ru106	Rh106	1	beta-
Ru107	Rh107	1	beta-
Ru108	Rh108	1	beta-
Ru109	Rh109	1	beta-
Ru110	Rh110_m1	1	beta-
Ru111	Rh111	1	beta-
Ru112	Rh112	1	beta-
Ru113	Rh113	1	beta-
Ru113_m1	Ru113	0.02	IT
Ru113_m1	Tc113	0.98	ec/beta+
Ru114	Rh113	3.2567e-10	beta-
Ru114	Rh114	1	beta-
Ru115	Rh114	0.00037752	beta-
Ru115	Rh115	0.999622	beta-
Ru116	Rh115	0.0020976	beta-
Ru116	Rh116	0.997902	beta-
Ru117	Rh116	0.0053431	beta-
Ru117	Rh117	0.994657	beta-
Ru118	Rh117	0.018799	beta-
Ru118	Rh118	0.981201	beta-
Ru119	Rh118	0.025793	beta-
Ru119	Rh119	0.974207	beta-
Ru120	Rh119	0.04461	beta-
Ru120	Rh120	0.95539	beta-
Ru87	Tc87	1	ec/beta+
Ru88	Tc88	1	ec/beta+
Ru89	Mo88	0.0015	ec/beta+
Ru89	Tc89	0.9985	ec/beta+
Ru90	Tc90	1	ec/beta+
Ru91	Tc91	1	ec/beta+
Ru91_m1	Tc91	1	ec/beta+
Ru92	Tc92	1	ec/beta+
Ru93	Tc93	1	ec/beta+
Ru93_m1	Mo92	0.0003	ec/beta+
Ru93_m1	Ru93	0.22	IT
Ru93_m1	Tc93	0.7797	ec/beta+
Ru94	Tc94_m1	1	ec/beta+
Ru95	Tc95	0.973655	ec/beta+
Ru95	Tc95_m1	0.0263453	ec/beta+
Ru97	Tc97	0.999638	ec/beta+
Ru97	Tc97_m1	0.0003618	ec/beta+
S26	Si24	1	p
S27	Al25	0.011	ec/beta+
S27	P27	0.966	ec/beta+
S27	Si26	0.023	ec/beta+
S28	P28	0.793	ec/beta+
S28	Si27	0.207	ec/beta+
S29	P29	0.53	ec/beta+
S29	Si28	0.47	ec/beta+
S30	P30	1	ec/beta+
S31	P31	1	ec/beta+
S35	Cl35	1	beta-
S37	Cl37	1	beta-
S38	Cl38	1	beta-
S39	Cl39	1	beta-
S40	Cl40	1	beta-
S41	Cl41	1	beta-
S42	Cl42	1	beta-
S43	Cl42	0.4	beta-
S43	Cl43	0.6	beta-
S44	Cl43	0.18	beta-
S44	Cl44	0.82	beta-
S45	Cl44	0.54	beta-
S45	Cl45	0.46	beta-
S46	Cl46	1	beta-
S48	Cl48	1	beta-
S49	S48	1	n
Sb103	Sn103	1	ec/beta+
Sb104	In103	0.0693069	ec/beta+
Sb104	Sn103	0.00990099	p
Sb104	Sn104	0.920792	ec/beta+
Sb105	Sn104	0.01	p
Sb105	Sn105	0.99	ec/beta+
Sb106	Sn106	1	ec/beta+
Sb107	Sn107	1	ec/beta+
Sb108	Sn108	1	ec/beta+
Sb109	Sn109	1	ec/beta+
Sb110	Sn110	1	ec/beta+
Sb111	Sn111	1	ec/beta+
Sb112	Sn112	1	ec/beta+
Sb113	Sn113	1	ec/beta+
Sb114	Sn114	1	ec/beta+
Sb115	Sn115	1	ec/beta+
Sb116	Sn116	1	ec/beta+
Sb116_m1	Sn116	1	ec/beta+
Sb117	Sn117	1	ec/beta+
Sb118	Sn118	1	ec/beta+
Sb118_m1	Sn118	1	ec/beta+
Sb119	Sn119	1	ec/beta+
Sb119_m1	Sb119	1	IT
Sb120	Sn120	1	ec/beta+
Sb120_m1	Sn120	1	ec/beta+
Sb122	Sn122	0.0241	ec/beta+
Sb122	Te122	0.9759	beta-
Sb122_m1	Sb122	1	IT
Sb124	Te124	1	beta-
Sb124_m1	Sb124	0.75	IT
Sb124_m1	Te124	0.25	beta-
Sb124_m2	Sb124_m1	1	IT
Sb125	Te125	0.769083	beta-
Sb125	Te125_m1	0.230917	beta-
Sb126	Te126	1	beta-
Sb126_m1	Sb126	0.14	IT
Sb126_m1	Te126	0.86	beta-
Sb126_m2	Sb126_m1	1	IT
Sb127	Te127	0.835195	beta-
Sb127	Te127_m1	0.164805	beta-
Sb128	Te128	1	beta-
Sb128_m1	Sb128	0.036	IT
Sb128_m1	Te128	0.964	beta-
Sb129	Te129	0.848415	beta-
Sb129	Te129_m1	0.151585	beta-
Sb129_m1	Sb129	0.15	IT
Sb129_m1	Te129_m1	0.85	beta-
Sb130	Te130	1	beta-
Sb130_m1	Te130	1	beta-
Sb131	Te131	0.937672	beta-
Sb131	Te131_m1	0.0623279	beta-
Sb132	Te132	1	beta-
Sb132_m1	Te132	1	beta-
Sb133	Te133	0.827113	beta-
Sb133	Te133_m1	0.172887	beta-
Sb134	Te133	0.029458	beta-
Sb134	Te134	0.970542	beta-
Sb134_m1	Te133	0.00088	beta-
Sb134_m1	Te134	0.99912	beta-
Sb135	Te134	0.22	beta-
Sb135	Te135	0.78	beta-
Sb136	Te134	0.010163	beta-
Sb136	Te135	0.466737	beta-
Sb136	Te136	0.5231	beta-
Sb137	Te135	0.0004165	beta-
Sb137	Te136	0.999453	beta-
Sb137	Te137	0.00013	beta-
Sb138	Te136	0.0081413	beta-
Sb138	Te137	0.193429	beta-
Sb138	Te138	0.79843	beta-
Sb139	Te137	0.0020363	beta-
Sb139	Te138	0.997964	beta-
Sc36	Ca35	1	p
Sc37	Ca36	1	p
Sc38	Ca37	1	p
Sc39	Ca38	1	p
Sc40	Ca40	1	ec/beta+
Sc41	Ca41	1	ec/beta+
Sc42	Ca42	1	ec/beta+
Sc42_m1	Ca42	1	ec/beta+
Sc43	Ca43	1	ec/beta+
Sc44	Ca44	1	ec/beta+
Sc44_m1	Ca44	0.012	ec/beta+
Sc44_m1	Sc44	0.988	IT
Sc45_m1	Sc45	1	IT
Sc46	Ti46	1	beta-
Sc46_m1	Sc46	1	IT
Sc47	Ti47	1	beta-
Sc48	Ti48	1	beta-
Sc49	Ti49	1	beta-
Sc50	Ti50	1	beta-
Sc50_m1	Sc50	1	IT
Sc51	Ti51	1	beta-
Sc52	Ti52	1	beta-
Sc53	Ti53	1	beta-
Sc54	Ti54	1	beta-
Sc55	Ti55	1	beta-
Sc56	Ti55	0.5	beta-
Sc56	Ti56	0.5	beta-
Sc57	Ti57	1	beta-
Sc58	Ti58	1	beta-
Sc59	Ti58	0.5	beta-
Sc59	Ti59	0.5	beta-
Sc60	Ti60	1	beta-
Se65	As65	1	ec/beta+
Se66	As66	1	ec/beta+
Se67	As67	1	ec/beta+
Se68	As68	1	ec/beta+
Se69	As69	1	ec/beta+
Se70	As70	1	ec/beta+
Se71	As71	1	ec/beta+
Se72	As72	1	ec/beta+
Se73	As73	1	ec/beta+
Se73_m1	As73	0.274	ec/beta+
Se73_m1	Se73	0.726	IT
Se75	As75	1	ec/beta+
Se77_m1	Se77	1	IT
Se79	Br79	1	beta-
Se79_m1	Br79	0.00056	beta-
Se79_m1	Se79	0.99944	IT
Se81	Br81	1	beta-
Se81_m1	Br81	0.00051	beta-
Se81_m1	Se81	0.99949	IT
Se83	Br83	1	beta-
Se83_m1	Br83	1	beta-
Se84	Br84	1	beta-
Se85	Br85	1	beta-
Se86	Br86	1	beta-
Se87	Br86	0.002	beta-
Se87	Br87	0.998	beta-
Se88	Br87	0.0067	beta-
Se88	Br88	0.9933	beta-
Se89	Br88	0.078	beta-
Se89	Br89	0.922	beta-
Se90	Br89	0.0082594	beta-
Se90	Br90	0.991741	beta-
Se91	Br89	1.2773e-05	beta-
Se91	Br90	0.0124942	beta-
Se91	Br91	0.987493	beta-
Se92	Br90	1.4648e-07	beta-
Se92	Br91	0.0194798	beta-
Se92	Br92	0.98052	beta-
Se93	Br91	0.0047714	beta-
Se93	Br92	0.317309	beta-
Se93	Br93	0.67792	beta-
Se94	Br92	0.0010939	beta-
Se94	Br93	0.285216	beta-
Se94	Br94	0.71369	beta-
Sg259	Rf255	0.818182	alpha
Sg260	Rf256	0.5	alpha
Sg261	Rf257	0.990099	alpha
Sg262	Rf258	0.22	alpha
Sg263	Rf259	0.7	alpha
Sg263_m1	Rf259	0.5	alpha
Sg263_m1	Sg263	0.5	IT
Sg264	Rf260	0.264706	alpha
Sg265	Rf261	0.43	alpha
Sg266	Rf262	0.264706	alpha
Sg269	Rf265	1	alpha
Si22	Al22	0.68	ec/beta+
Si22	Mg21	0.32	ec/beta+
Si23	Al23	0.23	ec/beta+
Si23	Mg22	0.73	ec/beta+
Si23	Na21	0.04	ec/beta+
Si24	Al24	0.62	ec/beta+
Si24	Mg23	0.38	ec/beta+
Si25	Al25	0.65	ec/beta+
Si25	Mg24	0.35	ec/beta+
Si26	Al26	0.0003944	ec/beta+
Si26	Al26_m1	0.999606	ec/beta+
Si27	Al27	1	ec/beta+
Si31	P31	1	beta-
Si32	P32	1	beta-
Si33	P33	1	beta-
Si34	P34	1	beta-
Si35	P35	1	beta-
Si36	P35	0.1	beta-
Si36	P36	0.9	beta-
Si37	P36	0.17	beta-
Si37	P37	0.83	beta-
Si38	P37	0.5	beta-
Si38	P38	0.5	beta-
Si39	P38	0.5	beta-
Si39	P39	0.5	beta-
Si40	P39	0.5	beta-
Si40	P40	0.5	beta-
Si41	P41	1	beta-
Si42	P42	1	beta-
Si43	P42	0.5	beta-
Si43	P43	0.5	beta-
Si44	P43	0.5	beta-
Si44	P44	0.5	beta-
Sm128	Pm128	1	ec/beta+
Sm129	Pm129	1	ec/beta+
Sm130	Pm130	1	ec/beta+
Sm131	Pm131	1	ec/beta+
Sm132	Pm132	1	ec/beta+
Sm133	Pm133	1	ec/beta+
Sm134	Pm134	1	ec/beta+
Sm135	Nd134	0.0002	ec/beta+
Sm135	Pm135	0.9998	ec/beta+
Sm136	Pm136	1	ec/beta+
Sm137	Pm137	1	ec/beta+
Sm138	Pm138	1	ec/beta+
Sm139	Pm139	1	ec/beta+
Sm139_m1	Pm139	0.063	ec/beta+
Sm139_m1	Sm139	0.937	IT
Sm140	Pm140	1	ec/beta+
Sm141	Pm141	1	ec/beta+
Sm141_m1	Pm141	0.9969	ec/beta+
Sm141_m1	Sm141	0.0031	IT
Sm142	Pm142	1	ec/beta+
Sm143	Pm143	1	ec/beta+
Sm143_m1	Pm143	0.0024	ec/beta+
Sm143_m1	Sm143	0.9976	IT
Sm143_m2	Sm143	1	IT
Sm145	Pm145	1	ec/beta+
Sm146	Nd142	1	alpha
Sm147	Nd143	1	alpha
Sm148	Nd144	1	alpha
Sm151	Eu151	1	beta-
Sm153	Eu153	1	beta-
Sm153_m1	Sm153	1	IT
Sm155	Eu155	1	beta-
Sm156	Eu156	1	beta-
Sm157	Eu157	1	beta-
Sm158	Eu158	1	beta-
Sm159	Eu159	1	beta-
Sm160	Eu160	1	beta-
Sm161	Eu161	1	beta-
Sm162	Eu162	1	beta-
Sm163	Eu163	1	beta-
Sm164	Eu163	3.8311e-12	beta-
Sm164	Eu164	1	beta-
Sm165	Eu164	0.0011126	beta-
Sm165	Eu165	0.998887	beta-
Sn100	Cd99	0.17	ec/beta+
Sn100	In100	0.83	ec/beta+
Sn101	Cd100	0.26	ec/beta+
Sn101	In101	0.74	ec/beta+
Sn102	In102	1	ec/beta+
Sn103	Cd102	0.012	ec/beta+
Sn103	In103	0.988	ec/beta+
Sn104	In104	0.115821	ec/beta+
Sn104	In104_m1	0.884179	ec/beta+
Sn105	In105	1	ec/beta+
Sn106	In106_m1	1	ec/beta+
Sn107	In107	1	ec/beta+
Sn108	In108_m1	1	ec/beta+
Sn109	In109	1	ec/beta+
Sn110	In110_m1	1	ec/beta+
Sn111	In111	1	ec/beta+
Sn113	In113_m1	1	ec/beta+
Sn113_m1	In113	0.089	ec/beta+
Sn113_m1	Sn113	0.911	IT
Sn117_m1	Sn117	1	IT
Sn119_m1	Sn119	1	IT
Sn121	Sb121	1	beta-
Sn121_m1	Sb121	0.224	beta-
Sn121_m1	Sn121	0.776	IT
Sn123	Sb123	1	beta-
Sn123_m1	Sb123	1	beta-
Sn125	Sb125	1	beta-
Sn125_m1	Sb125	1	beta-
Sn126	Sb126_m1	0.33005	beta-
Sn126	Sb126_m2	0.66995	beta-
Sn127	Sb127	1	beta-
Sn127_m1	Sb127	1	beta-
Sn128	Sb128_m1	1	beta-
Sn128_m1	Sn128	1	IT
Sn129	Sb129	1	beta-
Sn129_m1	Sb129	0.943317	beta-
Sn129_m1	Sb129_m1	0.0566831	beta-
Sn130	Sb130_m1	1	beta-
Sn130_m1	Sb130	0.862223	beta-
Sn130_m1	Sb130_m1	0.137777	beta-
Sn131	Sb131	1	beta-
Sn131_m1	Sb131	1	beta-
Sn132	Sb132	1	beta-
Sn133	Sb132	0.000294	beta-
Sn133	Sb133	0.999706	beta-
Sn134	Sb133	0.17	beta-
Sn134	Sb134	0.83	beta-
Sn135	Sb133	0.015048	beta-
Sn135	Sb134	0.984952	beta-
Sn136	Sb134	0.00057959	beta-
Sn136	Sb135	0.99936	beta-
Sn136	Sb136	6e-05	beta-
Sn137	Sb135	0.033148	beta-
Sn137	Sb136	0.966852	beta-
Sn99	Cd98	0.5	ec/beta+
Sn99	In99	0.5	ec/beta+
Sr100	Y100	0.9922	beta-
Sr100	Y99	0.0078	beta-
Sr101	Y100	0.0237	beta-
Sr101	Y101	0.9763	beta-
Sr102	Y101	0.055	beta-
Sr102	Y102	0.945	beta-
Sr103	Y101	5.1288e-06	beta-
Sr103	Y102	0.0236109	beta-
Sr103	Y103	0.976384	beta-
Sr104	Y102	3.0492e-08	beta-
Sr104	Y103	0.083926	beta-
Sr104	Y104	0.916074	beta-
Sr105	Y103	0.0031206	beta-
Sr105	Y104	0.183539	beta-
Sr105	Y105	0.81334	beta-
Sr73	Rb73	1	ec/beta+
Sr74	Rb74	1	ec/beta+
Sr75	Kr74	0.052	ec/beta+
Sr75	Rb75	0.948	ec/beta+
Sr76	Kr75	3.4e-07	ec/beta+
Sr76	Rb76	1	ec/beta+
Sr77	Rb77	1	ec/beta+
Sr78	Rb78	1	ec/beta+
Sr79	Rb79	1	ec/beta+
Sr80	Rb80	1	ec/beta+
Sr81	Rb81	0.998567	ec/beta+
Sr81	Rb81_m1	0.00143265	ec/beta+
Sr82	Rb82	1	ec/beta+
Sr83	Rb83	1	ec/beta+
Sr83_m1	Sr83	1	IT
Sr85	Rb85	1	ec/beta+
Sr85_m1	Rb85	0.134	ec/beta+
Sr85_m1	Sr85	0.866	IT
Sr87_m1	Rb87	0.003	ec/beta+
Sr87_m1	Sr87	0.997	IT
Sr89	Y89	0.999904	beta-
Sr89	Y89_m1	9.64e-05	beta-
Sr90	Y90	1	beta-
Sr91	Y91	0.411637	beta-
Sr91	Y91_m1	0.588363	beta-
Sr92	Y92	1	beta-
Sr93	Y93	0.659154	beta-
Sr93	Y93_m1	0.340846	beta-
Sr94	Y94	1	beta-
Sr95	Y95	1	beta-
Sr96	Y95	1.0158e-06	beta-
Sr96	Y96	0.999999	beta-
Sr97	Y96	0.0002	beta-
Sr97	Y97	0.85111	beta-
Sr97	Y97_m1	0.14869	beta-
Sr98	Y97	0.0025	beta-
Sr98	Y98	0.9975	beta-
Sr99	Y98	0.001	beta-
Sr99	Y99	0.999	beta-
Ta155	Hf154	1	p
Ta156	Hf155	1	p
Ta156_m1	Hf155	0.042	p
Ta156_m1	Hf156	0.958	ec/beta+
Ta157	Hf156	0.034	p
Ta157	Lu153	0.966	alpha
Ta157_m1	Lu153	1	alpha
Ta157_m2	Lu153	1	alpha
Ta158	Hf158	0.09	ec/beta+
Ta158	Lu154	0.91	alpha
Ta158_m1	Hf158	0.05	ec/beta+
Ta158_m1	Lu154	0.95	alpha
Ta159	Hf159	0.66	ec/beta+
Ta159	Lu155	0.34	alpha
Ta159_m1	Hf159	0.45	ec/beta+
Ta159_m1	Lu155	0.55	alpha
Ta160	Hf160	0.66	ec/beta+
Ta160	Lu156	0.34	alpha
Ta160_m1	Hf160	0.5	ec/beta+
Ta160_m1	Lu156	0.5	alpha
Ta161	Hf161	1	ec/beta+
Ta162	Hf162	0.9993	ec/beta+
Ta162	Lu158	0.0007	alpha
Ta163	Hf163	0.998	ec/beta+
Ta163	Lu159	0.002	alpha
Ta164	Hf164	1	ec/beta+
Ta165	Hf165	1	ec/beta+
Ta166	Hf166	1	ec/beta+
Ta167	Hf167	1	ec/beta+
Ta168	Hf168	1	ec/beta+
Ta169	Hf169	1	ec/beta+
Ta170	Hf170	1	ec/beta+
Ta171	Hf171	1	ec/beta+
Ta172	Hf172	1	ec/beta+
Ta173	Hf173	1	ec/beta+
Ta174	Hf174	1	ec/beta+
Ta175	Hf175	1	ec/beta+
Ta176	Hf176	1	ec/beta+
Ta176_m1	Ta176	1	IT
Ta176_m2	Ta176	1	IT
Ta177	Hf177	1	ec/beta+
Ta178	Hf178	1	ec/beta+
Ta178_m1	Hf178	1	ec/beta+
Ta178_m2	Ta178	1	IT
Ta179	Hf179	1	ec/beta+
Ta179_m1	Ta179	1	IT
Ta179_m2	Ta179	1	IT
Ta180	Hf180	0.86	ec/beta+
Ta180	W180	0.14	beta-
Ta182	W182	1	beta-
Ta182_m1	Ta182	1	IT
Ta182_m2	Ta182_m1	1	IT
Ta183	W183	0.949005	beta-
Ta183	W183_m1	0.050995	beta-
Ta184	W184	1	beta-
Ta185	W185	1	beta-
Ta185_m1	Ta185	1	IT
Ta186	W186	1	beta-
Ta187	W187	1	beta-
Ta188	W188	1	beta-
Ta189	W189	1	beta-
Ta190	W190	1	beta-
Tb135	Gd134	1	p
Tb136	Gd136	1	ec/beta+
Tb137	Gd136	0.5	p
Tb137	Gd137	0.5	ec/beta+
Tb138	Gd138	1	ec/beta+
Tb139	Gd139	1	ec/beta+
Tb140	Eu139	0.0026	ec/beta+
Tb140	Gd140	0.9974	ec/beta+
Tb141	Gd141	1	ec/beta+
Tb141_m1	Gd141	1	ec/beta+
Tb142	Gd142	1	ec/beta+
Tb142_m1	Tb142	1	IT
Tb143	Gd143	1	ec/beta+
Tb143_m1	Gd143	1	ec/beta+
Tb144	Gd144	1	ec/beta+
Tb144_m1	Gd144	0.34	ec/beta+
Tb144_m1	Tb144	0.66	IT
Tb145	Gd145	1	ec/beta+
Tb145_m1	Gd145	1	ec/beta+
Tb146	Gd146	1	ec/beta+
Tb146_m1	Gd146	1	ec/beta+
Tb146_m2	Tb146	1	IT
Tb147	Gd147	1	ec/beta+
Tb147_m1	Gd147	1	ec/beta+
Tb148	Gd148	1	ec/beta+
Tb148_m1	Gd148	1	ec/beta+
Tb149	Eu145	0.167	alpha
Tb149	Gd149	0.833	ec/beta+
Tb149_m1	Eu145	0.00022	alpha
Tb149_m1	Gd149	0.99978	ec/beta+
Tb150	Eu146	0.0005	alpha
Tb150	Gd150	0.9995	ec/beta+
Tb150_m1	Gd150	1	ec/beta+
Tb151	Eu147	9.5e-05	alpha
Tb151	Gd151	0.999905	ec/beta+
Tb151_m1	Gd151	0.066	ec/beta+
Tb151_m1	Tb151	0.934	IT
Tb152	Gd152	1	ec/beta+
Tb152_m1	Gd152	0.212	ec/beta+
Tb152_m1	Tb152	0.788	IT
Tb153	Gd153	1	ec/beta+
Tb154	Dy154	0.000999001	beta-
Tb154	Gd154	0.999001	ec/beta+
Tb154_m1	Gd154	0.782	ec/beta+
Tb154_m1	Tb154	0.218	IT
Tb154_m2	Gd154	0.982	ec/beta+
Tb154_m2	Tb154	0.018	IT
Tb155	Gd155	1	ec/beta+
Tb156	Gd156	1	ec/beta+
Tb156_m1	Tb156	1	IT
Tb156_m2	Tb156	1	IT
Tb157	Gd157	1	ec/beta+
Tb158	Dy158	0.166	beta-
Tb158	Gd158	0.834	ec/beta+
Tb158_m1	Tb158	1	IT
Tb160	Dy160	1	beta-
Tb161	Dy161	1	beta-
Tb162	Dy162	1	beta-
Tb163	Dy163	1	beta-
Tb164	Dy164	1	beta-
Tb165	Dy165	1	beta-
Tb166	Dy166	1	beta-
Tb167	Dy167	1	beta-
Tb168	Dy168	1	beta-
Tb169	Dy169	1	beta-
Tb170	Dy170	1	beta-
Tb171	Dy171	1	beta-
Tc100	Mo100	1.8e-05	ec/beta+
Tc100	Ru100	0.999982	beta-
Tc101	Ru101	1	beta-
Tc102	Ru102	1	beta-
Tc102_m1	Ru102	1	beta-
Tc103	Ru103	1	beta-
Tc104	Ru104	1	beta-
Tc105	Ru105	1	beta-
Tc106	Ru106	1	beta-
Tc107	Ru107	1	beta-
Tc108	Ru108	1	beta-
Tc109	Ru108	0.0008	beta-
Tc109	Ru109	0.9992	beta-
Tc110	Ru109	0.0004	beta-
Tc110	Ru110	0.9996	beta-
Tc111	Ru110	0.0085	beta-
Tc111	Ru111	0.9915	beta-
Tc112	Ru111	0.015	beta-
Tc112	Ru112	0.985	beta-
Tc113	Ru112	0.021	beta-
Tc113	Ru113	0.979	beta-
Tc114	Ru112	1.0888e-07	beta-
Tc114	Ru113	0.13166	beta-
Tc114	Ru114	0.86834	beta-
Tc115	Ru114	0.19831	beta-
Tc115	Ru115	0.80169	beta-
Tc116	Ru114	0.00011656	beta-
Tc116	Ru115	0.196143	beta-
Tc116	Ru116	0.80374	beta-
Tc117	Ru115	2.4515e-05	beta-
Tc117	Ru116	0.289285	beta-
Tc117	Ru117	0.71069	beta-
Tc118	Ru116	0.0030629	beta-
Tc118	Ru117	0.243267	beta-
Tc118	Ru118	0.75367	beta-
Tc85	Mo85	1	ec/beta+
Tc86	Mo86	1	ec/beta+
Tc86_m1	Tc86	1	IT
Tc87	Mo87	1	ec/beta+
Tc88	Mo88	1	ec/beta+
Tc88_m1	Mo88	1	ec/beta+
Tc89	Mo89	1	ec/beta+
Tc89_m1	Mo89	0.9999	ec/beta+
Tc89_m1	Tc89	0.0001	IT
Tc90	Mo90	1	ec/beta+
Tc90_m1	Mo90	1	ec/beta+
Tc91	Mo91	1	ec/beta+
Tc91_m1	Mo91	0.99	ec/beta+
Tc91_m1	Tc91	0.01	IT
Tc92	Mo92	1	ec/beta+
Tc93	Mo93	1	ec/beta+
Tc93_m1	Mo93	0.234	ec/beta+
Tc93_m1	Tc93	0.766	IT
Tc94	Mo94	1	ec/beta+
Tc94_m1	Mo94	1	ec/beta+
Tc95	Mo95	1	ec/beta+
Tc95_m1	Mo95	0.9612	ec/beta+
Tc95_m1	Tc95	0.0388	IT
Tc96	Mo96	1	ec/beta+
Tc96_m1	Mo96	0.02	ec/beta+
Tc96_m1	Tc96	0.98	IT
Tc97	Mo97	1	ec/beta+
Tc97_m1	Mo97	0.0394	ec/beta+
Tc97_m1	Tc97	0.9606	IT
Tc98	Ru98	1	beta-
Tc99	Ru99	1	beta-
Tc99_m1	Ru99	3.7e-05	beta-
Tc99_m1	Tc99	0.999963	IT
Te105	Sn101	1	alpha
Te106	Sn102	1	alpha
Te107	Sb107	0.3	ec/beta+
Te107	Sn103	0.7	alpha
Te108	Sb108	0.486	ec/beta+
Te108	Sn104	0.49	alpha
Te108	Sn107	0.024	ec/beta+
Te109	In105	5e-05	ec/beta+
Te109	Sb109	0.86695	ec/beta+
Te109	Sn105	0.039	alpha
Te109	Sn108	0.094	ec/beta+
Te110	Sb110	0.99997	ec/beta+
Te110	Sn106	3e-05	alpha
Te111	Sb111	1	ec/beta+
Te112	Sb112	1	ec/beta+
Te113	Sb113	1	ec/beta+
Te114	Sb114	1	ec/beta+
Te115	Sb115	1	ec/beta+
Te115_m1	Sb115	1	ec/beta+
Te116	Sb116	1	ec/beta+
Te117	Sb117	1	ec/beta+
Te117_m1	Te117	1	IT
Te118	Sb118	1	ec/beta+
Te119	Sb119	1	ec/beta+
Te119_m1	Sb119	1	ec/beta+
Te121	Sb121	1	ec/beta+
Te121_m1	Sb121	0.114	ec/beta+
Te121_m1	Te121	0.886	IT
Te123_m1	Te123	1	IT
Te125_m1	Te125	1	IT
Te127	I127	1	beta-
Te127_m1	I127	0.024	beta-
Te127_m1	Te127	0.976	IT
Te128	Xe128	1	beta-
Te129	I129	1	beta-
Te129_m1	I129	0.37	beta-
Te129_m1	Te129	0.63	IT
Te131	I131	1	beta-
Te131_m1	I131	0.741	beta-
Te131_m1	Te131	0.259	IT
Te132	I132	1	beta-
Te133	I133	1	beta-
Te133_m1	I133	0.73512	beta-
Te133_m1	I133_m1	0.09988	beta-
Te133_m1	Te133	0.165	IT
Te134	I134	1	beta-
Te135	I135	1	beta-
Te136	I135	0.0131	beta-
Te136	I136	0.9869	beta-
Te137	I136	0.0299	beta-
Te137	I137	0.9701	beta-
Te138	I137	0.063	beta-
Te138	I138	0.937	beta-
Te139	I138	0.020384	beta-
Te139	I139	0.979616	beta-
Te140	I139	0.023281	beta-
Te140	I140	0.976719	beta-
Te141	I139	8.256e-05	beta-
Te141	I140	0.0401444	beta-
Te141	I141	0.959773	beta-
Te142	I140	1.7674e-08	beta-
Te142	I141	0.13319	beta-
Te142	I142	0.86681	beta-
Th209	Ra205	1	alpha
Th210	Ra206	1	alpha
Th211	Ra207	1	alpha
Th212	Ac212	0.00299103	ec/beta+
Th212	Ra208	0.997009	alpha
Th213	Ra209	1	alpha
Th214	Ra210	1	alpha
Th215	Ra211	1	alpha
Th216	Ra212	1	alpha
Th217	Ra213	1	alpha
Th218	Ra214	1	alpha
Th219	Ra215	1	alpha
Th220	Ac220	2e-09	ec/beta+
Th220	Ra216	1	alpha
Th221	Ra217	1	alpha
Th222	Ra218	1	alpha
Th223	Ra219	1	alpha
Th224	Ra220	1	alpha
Th225	Ac225	0.1	ec/beta+
Th225	Ra221	0.9	alpha
Th226	Ra222	1	alpha
Th227	Ra223	1	alpha
Th228	Ra224	1	alpha
Th229	Ra225	1	alpha
Th230	Ra226	1	alpha
Th231	Pa231	1	beta-
Th232	Ra228	1	alpha
Th233	Pa233	1	beta-
Th234	Pa234_m1	1	beta-
Th235	Pa235	1	beta-
Th236	Pa236	1	beta-
Th237	Pa237	1	beta-
Th238	Pa238	1	beta-
Ti38	Ca36	1	p
Ti39	Ca38	1	ec/beta+
Ti40	Ca39	1	ec/beta+
Ti41	Ca40	1	ec/beta+
Ti42	Sc42	1	ec/beta+
Ti43	Sc43	1	ec/beta+
Ti44	Sc44	1	ec/beta+
Ti45	Sc45	1	ec/beta+
Ti51	V51	1	beta-
Ti52	V52	1	beta-
Ti53	V53	1	beta-
Ti54	V54	1	beta-
Ti55	V55	1	beta-
Ti56	V56	1	beta-
Ti57	V57	1	beta-
Ti58	V58	1	beta-
Ti59	V59	1	beta-
Ti60	V60	1	beta-
Ti61	V61	1	beta-
Ti62	V62	1	beta-
Ti63	V62	0.5	beta-
Ti63	V63	0.5	beta-
Tl176	Hg175	1	p
Tl177	Au173	0.73	alpha
Tl177	Hg176	0.27	p
Tl178	Au174	0.5	alpha
Tl178	Hg178	0.5	ec/beta+
Tl179	Au175	1	alpha
Tl179_m1	Au175	1	alpha
Tl180	Au176	0.07	alpha
Tl180	Hg180	0.929999	ec/beta+
Tl181	Au177	0.1	alpha
Tl181	Hg181	0.9	ec/beta+
Tl181_m1	Tl181	1	IT
Tl182	Au178	0.04	alpha
Tl182	Hg182	0.96	ec/beta+
Tl183	Au179	0.5	alpha
Tl183	Hg183	0.5	ec/beta+
Tl183_m1	Au179	0.02	alpha
Tl183_m1	Hg183	0.49	ec/beta+
Tl183_m1	Tl183	0.49	IT
Tl184	Au180	0.021	alpha
Tl184	Hg184	0.979	ec/beta+
Tl185	Hg185	1	ec/beta+
Tl185_m1	Au181	0.01	alpha
Tl185_m1	Tl185	0.99	IT
Tl186	Au182	5.99964e-05	alpha
Tl186	Hg186	0.99994	ec/beta+
Tl186_m1	Tl186	1	IT
Tl187	Hg187	1	ec/beta+
Tl187_m1	Au183	0.0015	alpha
Tl187_m1	Hg187	0.49925	ec/beta+
Tl187_m1	Tl187	0.49925	IT
Tl188	Hg188	1	ec/beta+
Tl188_m1	Hg188	1	ec/beta+
Tl188_m2	Tl188	1	IT
Tl189	Hg189	1	ec/beta+
Tl189_m1	Hg189	1	ec/beta+
Tl190	Hg190	1	ec/beta+
Tl190_m1	Hg190	1	ec/beta+
Tl191	Hg191	1	ec/beta+
Tl191_m1	Hg191	1	ec/beta+
Tl192	Hg192	1	ec/beta+
Tl192_m1	Hg192	1	ec/beta+
Tl193	Hg193	1	ec/beta+
Tl193_m1	Hg193	0.25	ec/beta+
Tl193_m1	Tl193	0.75	IT
Tl194	Hg194	1	ec/beta+
Tl194_m1	Hg194	1	ec/beta+
Tl195	Hg195	0.996351	ec/beta+
Tl195	Hg195_m1	0.00364889	ec/beta+
Tl195_m1	Tl195	1	IT
Tl196	Hg196	1	ec/beta+
Tl196_m1	Hg196	0.962	ec/beta+
Tl196_m1	Tl196	0.038	IT
Tl197	Hg197	1	ec/beta+
Tl197_m1	Tl197	1	IT
Tl198	Hg198	1	ec/beta+
Tl198_m1	Hg198	0.559	ec/beta+
Tl198_m1	Tl198	0.441	IT
Tl198_m2	Tl198	0.5	IT
Tl198_m2	Tl198_m1	0.5	IT
Tl199	Hg199	1	ec/beta+
Tl199_m1	Tl199	1	IT
Tl200	Hg200	1	ec/beta+
Tl200_m1	Tl200	1	IT
Tl201	Hg201	1	ec/beta+
Tl201_m1	Tl201	1	IT
Tl202	Hg202	1	ec/beta+
Tl204	Hg204	0.0292	ec/beta+
Tl204	Pb204	0.9708	beta-
Tl206	Pb206	1	beta-
Tl206_m1	Tl206	1	IT
Tl207	Pb207	1	beta-
Tl207_m1	Tl207	1	IT
Tl208	Pb208	1	beta-
Tl209	Pb209	1	beta-
Tl210	Pb209	8.5e-05	beta-
Tl210	Pb210	0.999915	beta-
Tl211	Pb211	1	beta-
Tl212	Pb212	1	beta-
Tm145	Er144	1	p
Tm146	Er145	0.5	p
Tm146	Er146	0.5	ec/beta+
Tm146_m1	Er145	0.5	p
Tm146_m1	Er146	0.5	ec/beta+
Tm147	Er146	0.15	p
Tm147	Er147	0.85	ec/beta+
Tm148	Er148	1	ec/beta+
Tm149	Er149	0.998	ec/beta+
Tm149	Ho148	0.002	ec/beta+
Tm150	Er150	1	ec/beta+
Tm150_m1	Tm150	1	IT
Tm151	Er151	1	ec/beta+
Tm151_m1	Tm151	1	IT
Tm152	Er152	1	ec/beta+
Tm152_m1	Er152	1	ec/beta+
Tm153	Er153	0.09	ec/beta+
Tm153	Ho149	0.91	alpha
Tm153_m1	Er153	0.08	ec/beta+
Tm153_m1	Ho149	0.92	alpha
Tm154	Er154	0.46	ec/beta+
Tm154	Ho150	0.54	alpha
Tm154_m1	Er154	0.42	ec/beta+
Tm154_m1	Ho150	0.58	alpha
Tm155	Er155	0.9911	ec/beta+
Tm155	Ho151	0.0089	alpha
Tm155_m1	Er155	0.98	ec/beta+
Tm155_m1	Ho151	0.02	alpha
Tm156	Er156	0.9994	ec/beta+
Tm156	Ho152	0.0006	alpha
Tm157	Er157	1	ec/beta+
Tm158	Er158	1	ec/beta+
Tm159	Er159	1	ec/beta+
Tm160	Er160	1	ec/beta+
Tm160_m1	Er160	0.15	ec/beta+
Tm160_m1	Tm160	0.85	IT
Tm161	Er161	1	ec/beta+
Tm162	Er162	1	ec/beta+
Tm162_m1	Er162	0.19	ec/beta+
Tm162_m1	Tm162	0.81	IT
Tm163	Er163	1	ec/beta+
Tm164	Er164	1	ec/beta+
Tm164_m1	Er164	0.2	ec/beta+
Tm164_m1	Tm164	0.8	IT
Tm165	Er165	1	ec/beta+
Tm166	Er166	1	ec/beta+
Tm166_m1	Tm166	1	IT
Tm167	Er167	1	ec/beta+
Tm168	Er168	0.9999	ec/beta+
Tm168	Yb168	0.0001	beta-
Tm170	Er170	0.00131	ec/beta+
Tm170	Yb170	0.99869	beta-
Tm171	Yb171	1	beta-
Tm172	Yb172	1	beta-
Tm173	Yb173	1	beta-
Tm174	Yb174	1	beta-
Tm175	Yb175	1	beta-
Tm176	Yb176	1	beta-
Tm177	Yb177	1	beta-
Tm178	Yb178	1	beta-
Tm179	Yb179	1	beta-
U217	Th213	1	alpha
U218	Th214	1	alpha
U219	Th215	1	alpha
U220	Pa220	0.5	ec/beta+
U220	Th216	0.5	alpha
U222	Th218	1	alpha
U223	Th219	1	alpha
U224	Th220	1	alpha
U225	Th221	1	alpha
U226	Th222	1	alpha
U227	Th223	1	alpha
U228	Pa228	0.05	ec/beta+
U228	Th224	0.95	alpha
U229	Pa229	0.8	ec/beta+
U229	Th225	0.2	alpha
U230	Th226	1	alpha
U231	Pa231	0.99996	ec/beta+
U231	Th227	4e-05	alpha
U232	Th228	1	alpha
U233	Th229	1	alpha
U234	Th230	1	alpha
U235	Th231	1	alpha
U235_m1	U235	1	IT
U236	Th232	1	alpha
U237	Np237	1	beta-
U238	Th234	1	alpha
U239	Np239	1	beta-
U240	Np240_m1	1	beta-
U241	Np241	1	beta-
U242	Np242	1	beta-
V40	Ti39	1	p
V41	Ti40	1	p
V42	Ti41	1	p
V43	Ti43	1	ec/beta+
V44	Ti44	1	ec/beta+
V44_m1	Ti44	1	ec/beta+
V45	Ti45	1	ec/beta+
V46	Ti46	1	ec/beta+
V46_m1	V46	1	IT
V47	Ti47	1	ec/beta+
V48	Ti48	1	ec/beta+
V49	Ti49	1	ec/beta+
V50	Cr50	0.17	beta-
V50	Ti50	0.83	ec/beta+
V52	Cr52	1	beta-
V53	Cr53	1	beta-
V54	Cr54	1	beta-
V55	Cr55	1	beta-
V56	Cr56	1	beta-
V57	Cr56	0.0004	beta-
V57	Cr57	0.9996	beta-
V58	Cr58	1	beta-
V59	Cr59	1	beta-
V60	Cr60	1	beta-
V61	Cr61	1	beta-
V62	Cr62	1	beta-
V63	Cr62	0.35	beta-
V63	Cr63	0.65	beta-
V64	Cr64	1	beta-
V65	Cr64	0.5	beta-
V65	Cr65	0.5	beta-
W158	Hf154	1	alpha
W159	Hf155	0.999	alpha
W159	Ta159	0.001	ec/beta+
W160	Hf156	0.87	alpha
W160	Ta160	0.13	ec/beta+
W161	Hf157	0.73	alpha
W161	Ta161	0.27	ec/beta+
W162	Hf158	0.452	alpha
W162	Ta162	0.548	ec/beta+
W163	Hf159	0.13	alpha
W163	Ta163	0.87	ec/beta+
W164	Hf160	0.038	alpha
W164	Ta164	0.962	ec/beta+
W165	Hf161	0.00199601	alpha
W165	Ta165	0.998004	ec/beta+
W166	Hf162	0.00035	alpha
W166	Ta166	0.99965	ec/beta+
W167	Hf163	0.0004	alpha
W167	Ta167	0.9996	ec/beta+
W168	Hf164	3.1999e-05	alpha
W168	Ta168	0.999968	ec/beta+
W169	Ta169	1	ec/beta+
W170	Ta170	1	ec/beta+
W171	Ta171	1	ec/beta+
W172	Ta172	1	ec/beta+
W173	Ta173	1	ec/beta+
W174	Ta174	1	ec/beta+
W175	Ta175	1	ec/beta+
W176	Ta176	1	ec/beta+
W177	Ta177	1	ec/beta+
W178	Ta178	1	ec/beta+
W179	Ta179	1	ec/beta+
W179_m1	Ta179	0.0029	ec/beta+
W179_m1	W179	0.9971	IT
W180	Hf176	1	alpha
W180_m1	W180	1	IT
W181	Ta181	1	ec/beta+
W183_m1	W183	1	IT
W185	Re185	1	beta-
W185_m1	W185	1	IT
W186	Hf182	1	alpha
W186_m1	W186	1	IT
W187	Re187	1	beta-
W188	Re188	1	beta-
W189	Re189	1	beta-
W190	Re190	1	beta-
W190_m1	W190	1	IT
W191	Re191	1	beta-
W192	Re192	1	beta-
Xe110	I110	0.359	ec/beta+
Xe110	Te106	0.64	alpha
Xe110	Te109	0.001	ec/beta+
Xe111	I111	0.9	ec/beta+
Xe111	Te107	0.1	alpha
Xe112	I112	0.9916	ec/beta+
Xe112	Te108	0.0084	alpha
Xe113	I113	0.929837	ec/beta+
Xe113	Sb109	6.9993e-05	ec/beta+
Xe113	Te109	9.999e-05	alpha
Xe113	Te112	0.069993	ec/beta+
Xe114	I114	1	ec/beta+
Xe115	I115	0.996597	ec/beta+
Xe115	Te111	2.99999e-06	alpha
Xe115	Te114	0.00339999	ec/beta+
Xe116	I116	1	ec/beta+
Xe117	I117	0.999971	ec/beta+
Xe117	Te116	2.9e-05	ec/beta+
Xe118	I118	1	ec/beta+
Xe119	I119	1	ec/beta+
Xe120	I120	1	ec/beta+
Xe121	I121	1	ec/beta+
Xe122	I122	1	ec/beta+
Xe123	I123	1	ec/beta+
Xe125	I125	1	ec/beta+
Xe125_m1	Xe125	1	IT
Xe127	I127	1	ec/beta+
Xe127_m1	Xe127	1	IT
Xe129_m1	Xe129	1	IT
Xe131_m1	Xe131	1	IT
Xe132_m1	Xe132	1	IT
Xe133	Cs133	1	beta-
Xe133_m1	Xe133	1	IT
Xe134_m1	Xe134	1	IT
Xe135	Cs135	1	beta-
Xe135_m1	Cs135	0.003	beta-
Xe135_m1	Xe135	0.997	IT
Xe137	Cs137	1	beta-
Xe138	Cs138	1	beta-
Xe139	Cs139	1	beta-
Xe140	Cs140	1	beta-
Xe141	Cs140	0.00044	beta-
Xe141	Cs141	0.99956	beta-
Xe142	Cs141	0.0021	beta-
Xe142	Cs142	0.9979	beta-
Xe143	Cs142	0.0052494	beta-
Xe143	Cs143	0.994751	beta-
Xe144	Cs143	0.0074592	beta-
Xe144	Cs144	0.992541	beta-
Xe145	Cs143	1.7011e-15	beta-
Xe145	Cs144	0.029567	beta-
Xe145	Cs145	0.970433	beta-
Xe146	Cs145	0.023771	beta-
Xe146	Cs146	0.976229	beta-
Xe147	Cs146	0.08	beta-
Xe147	Cs147	0.92	beta-
Y100	Zr100	0.9908	beta-
Y100	Zr99	0.0092	beta-
Y100_m1	Zr100	1	beta-
Y101	Zr100	0.0194	beta-
Y101	Zr101	0.9806	beta-
Y102	Zr101	0.049	beta-
Y102	Zr102	0.951	beta-
Y102_m1	Zr101	0.049	beta-
Y102_m1	Zr102	0.951	beta-
Y103	Zr102	0.08	beta-
Y103	Zr103	0.92	beta-
Y104	Zr102	4.0384e-05	beta-
Y104	Zr103	0.0504206	beta-
Y104	Zr104	0.949539	beta-
Y105	Zr103	7.7637e-07	beta-
Y105	Zr104	0.0993892	beta-
Y105	Zr105	0.90061	beta-
Y106	Zr104	0.0020888	beta-
Y106	Zr105	0.240371	beta-
Y106	Zr106	0.75754	beta-
Y107	Zr105	0.00057421	beta-
Y107	Zr106	0.352326	beta-
Y107	Zr107	0.6471	beta-
Y108	Zr106	0.014037	beta-
Y108	Zr107	0.510603	beta-
Y108	Zr108	0.47536	beta-
Y76	Sr75	0.5	p
Y76	Sr76	0.5	ec/beta+
Y77	Sr77	1	ec/beta+
Y78	Sr78	1	ec/beta+
Y78_m1	Sr78	1	ec/beta+
Y79	Sr79	1	ec/beta+
Y80	Sr80	1	ec/beta+
Y80_m1	Sr80	0.19	ec/beta+
Y80_m1	Y80	0.81	IT
Y81	Sr81	1	ec/beta+
Y82	Sr82	1	ec/beta+
Y83	Sr83	0.976418	ec/beta+
Y83	Sr83_m1	0.0235815	ec/beta+
Y83_m1	Sr83_m1	0.6	ec/beta+
Y83_m1	Y83	0.4	IT
Y84	Sr84	1	ec/beta+
Y84_m1	Sr84	1	ec/beta+
Y85	Sr85	1	ec/beta+
Y85_m1	Sr85	0.97486	ec/beta+
Y85_m1	Sr85_m1	0.02514	ec/beta+
Y86	Sr86	1	ec/beta+
Y86_m1	Sr86	0.0069	ec/beta+
Y86_m1	Y86	0.9931	IT
Y87	Sr87_m1	1	ec/beta+
Y87_m1	Sr87	0.0157	ec/beta+
Y87_m1	Y87	0.9843	IT
Y88	Sr88	1	ec/beta+
Y88_m1	Y88	1	IT
Y88_m2	Y88	1	IT
Y89_m1	Y89	1	IT
Y90	Zr90	1	beta-
Y90_m1	Y90	0.999982	IT
Y90_m1	Zr90_m1	1.8e-05	beta-
Y91	Zr91	1	beta-
Y91_m1	Y91	1	IT
Y92	Zr92	1	beta-
Y93	Zr93	1	beta-
Y93_m1	Y93	1	IT
Y94	Zr94	1	beta-
Y95	Zr95	1	beta-
Y96	Zr96	1	beta-
Y96_m1	Zr96	1	beta-
Y97	Zr96	0.00055	beta-
Y97	Zr97	0.99945	beta-
Y97_m1	Zr96	0.00055	beta-
Y97_m1	Zr97	0.99945	beta-
Y97_m2	Y97_m1	0.948	IT
Y97_m2	Zr97	0.052	beta-
Y98	Zr97	0.00331	beta-
Y98	Zr98	0.99669	beta-
Y98_m1	Zr97	0.034	beta-
Y98_m1	Zr98	0.966	beta-
Y99	Zr98	0.017	beta-
Y99	Zr99	0.983	beta-
Yb148	Tm148	1	ec/beta+
Yb149	Er148	1	ec/beta+
Yb150	Tm150	1	ec/beta+
Yb151	Tm151	1	ec/beta+
Yb151_m1	Tm151	0.996016	ec/beta+
Yb151_m1	Yb151	0.00398406	IT
Yb152	Tm152	1	ec/beta+
Yb153	Er149	0.6	alpha
Yb153	Tm153	0.4	ec/beta+
Yb154	Er150	0.926	alpha
Yb154	Tm154	0.074	ec/beta+
Yb155	Er151	0.89	alpha
Yb155	Tm155	0.11	ec/beta+
Yb156	Er152	0.1	alpha
Yb156	Tm156	0.9	ec/beta+
Yb157	Er153	0.005	alpha
Yb157	Tm157	0.995	ec/beta+
Yb158	Er154	2.09996e-05	alpha
Yb158	Tm158	0.999979	ec/beta+
Yb159	Tm159	1	ec/beta+
Yb160	Tm160	1	ec/beta+
Yb161	Tm161	1	ec/beta+
Yb162	Tm162	1	ec/beta+
Yb163	Tm163	1	ec/beta+
Yb164	Tm164	1	ec/beta+
Yb165	Tm165	1	ec/beta+
Yb166	Tm166	1	ec/beta+
Yb167	Tm167	1	ec/beta+
Yb169	Tm169	1	ec/beta+
Yb169_m1	Yb169	1	IT
Yb171_m1	Yb171	1	IT
Yb175	Lu175	1	beta-
Yb175_m1	Yb175	1	IT
Yb176_m1	Yb176	1	IT
Yb177	Lu177	1	beta-
Yb177_m1	Yb177	1	IT
Yb178	Lu178	1	beta-
Yb179	Lu179	1	beta-
Yb180	Lu180	1	beta-
Yb181	Lu181	1	beta-
Zn54	Ni52	1	p
Zn55	Cu55	1	ec/beta+
Zn56	Cu56	1	ec/beta+
Zn57	Cu57	0.35	ec/beta+
Zn57	Ni56	0.65	ec/beta+
Zn58	Cu58	1	ec/beta+
Zn59	Cu59	1	ec/beta+
Zn60	Cu60	1	ec/beta+
Zn61	Cu61	1	ec/beta+
Zn61_m1	Zn61	1	IT
Zn61_m2	Zn61	1	IT
Zn62	Cu62	1	ec/beta+
Zn63	Cu63	1	ec/beta+
Zn65	Cu65	1	ec/beta+
Zn69	Ga69	1	beta-
Zn69_m1	Ga69	0.00033	beta-
Zn69_m1	Zn69	0.99967	IT
Zn71	Ga71	1	beta-
Zn71_m1	Ga71	1	beta-
Zn72	Ga72	0.964739	beta-
Zn72	Ga72_m1	0.0352605	beta-
Zn73	Ga73	1	beta-
Zn73_m1	Ga73	0.5	beta-
Zn73_m1	Zn73	0.5	IT
Zn73_m2	Zn73	1	IT
Zn74	Ga74	1	beta-
Zn75	Ga75	1	beta-
Zn76	Ga76	1	beta-
Zn77	Ga77	1	beta-
Zn77_m1	Ga77	0.5	beta-
Zn77_m1	Zn77	0.5	IT
Zn78	Ga78	1	beta-
Zn79	Ga78	0.013	beta-
Zn79	Ga79	0.987	beta-
Zn80	Ga79	0.01	beta-
Zn80	Ga80	0.99	beta-
Zn81	Ga80	0.075	beta-
Zn81	Ga81	0.925	beta-
Zn82	Ga80	6.4102e-09	beta-
Zn82	Ga81	0.34117	beta-
Zn82	Ga82	0.65883	beta-
Zn83	Ga81	0.0054325	beta-
Zn83	Ga82	0.0759725	beta-
Zn83	Ga83	0.918595	beta-
Zr100	Nb100	1	beta-
Zr101	Nb101	1	beta-
Zr102	Nb102	1	beta-
Zr103	Nb102	6.3816e-08	beta-
Zr103	Nb103	1	beta-
Zr104	Nb103	8.077e-05	beta-
Zr104	Nb104	0.999919	beta-
Zr105	Nb104	0.00069656	beta-
Zr105	Nb105	0.999303	beta-
Zr106	Nb105	0.0052465	beta-
Zr106	Nb106	0.994753	beta-
Zr107	Nb106	0.015282	beta-
Zr107	Nb107	0.984718	beta-
Zr108	Nb107	0.015702	beta-
Zr108	Nb108	0.984298	beta-
Zr109	Nb107	4.5331e-06	beta-
Zr109	Nb108	0.0557685	beta-
Zr109	Nb109	0.944227	beta-
Zr110	Nb108	8.1086e-10	beta-
Zr110	Nb109	0.069542	beta-
Zr110	Nb110	0.930458	beta-
Zr78	Sr77	0.5	ec/beta+
Zr78	Y78	0.5	ec/beta+
Zr79	Sr78	0.5	ec/beta+
Zr79	Y79	0.5	ec/beta+
Zr80	Y80	1	ec/beta+
Zr81	Sr80	0.0012	ec/beta+
Zr81	Y81	0.9988	ec/beta+
Zr82	Y82	1	ec/beta+
Zr83	Y83	0.0388441	ec/beta+
Zr83	Y83_m1	0.961156	ec/beta+
Zr84	Y84	1	ec/beta+
Zr85	Y85	1	ec/beta+
Zr85_m1	Y85	0.08	ec/beta+
Zr85_m1	Zr85	0.92	IT
Zr86	Y86	1	ec/beta+
Zr87	Y87	0.0028	ec/beta+
Zr87	Y87_m1	0.9972	ec/beta+
Zr87_m1	Zr87	1	IT
Zr88	Y88	1	ec/beta+
Zr89	Y89	0.0012281	ec/beta+
Zr89	Y89_m1	0.998772	ec/beta+
Zr89_m1	Y89	0.0623	ec/beta+
Zr89_m1	Zr89	0.9377	IT
Zr90_m1	Zr90	1	IT
Zr93	Nb93	0.025	beta-
Zr93	Nb93_m1	0.975	beta-
Zr95	Nb95	0.989198	beta-
Zr95	Nb95_m1	0.0108022	beta-
Zr96	Mo96	1	beta-
Zr97	Nb97	0.0495367	beta-
Zr97	Nb97_m1	0.950463	beta-
Zr98	Nb98	1	beta-
Zr99	Nb99	0.638864	beta-
Zr99	Nb99_m1	0.361136	beta-
